KEY,FREQ,CURRENCY,CURRENCY_DENOM,EXR_TYPE,EXR_SUFFIX,TIME_PERIOD,OBS_VALUE,OBS_STATUS,OBS_CONF,OBS_PRE_BREAK,OBS_COM,TIME_FORMAT,BREAKS,COLLECTION,COMPILING_ORG,DISS_ORG,DOM_SER_IDS,PUBL_ECB,PUBL_MU,PUBL_PUBLIC,UNIT_INDEX_BASE,COMPILATION,COVERAGE,DECIMALS,NAT_TITLE,SOURCE_AGENCY,SOURCE_PUB,TITLE,TITLE_COMPL,UNIT,UNIT_MULT
EXR.M.USD.EUR.SP00.A,M,USD,EUR,SP00,A,1999-01,1.16078,A,F,,,P1M,,A,,,,,,,99Q1=100,,,4,,4F0,,US dollar/Euro,"ECB reference exchange rate, US dollar/Euro, 2.15 pm (C.E.T.)",USD,0
EXR.M.USD.EUR.SP00.A,M,USD,EUR,SP00,A,1999-02,1.120765,A,F,,,P1M,,A,,,,,,,99Q1=100,,,4,,4F0,,US dollar/Euro,"ECB reference exchange rate, US dollar/Euro, 2.15 pm (C.E.T.)",USD,0
EXR.M.USD.EUR.SP00.A,M,USD,EUR,SP00,A,1999-03,1.0882956521739,A,F,,,P1M,,A,,,,,,,99Q1=100,,,4,,4F0,,US dollar/Euro,"ECB reference exchange rate, US dollar/Euro, 2.15 pm (C.E.T.)",USD,0
EXR.M.USD.EUR.SP00.A,M,USD,EUR,SP00,A,1999-04,1.0704409090909,A,F,,,P1M,,A,,,,,,,99Q1=100,,,4,,4F0,,US dollar/Euro,"ECB reference exchange rate, US dollar/Euro, 2.15 pm (C.E.T.)",USD,0
EXR.M.USD.EUR.SP00.A,M,USD,EUR,SP00,A,1999-05,1.0628095238095,A,F,,,P1M,,A,,,,,,,99Q1=100,,,4,,4F0,,US dollar/Euro,"ECB reference exchange rate, US dollar/Euro, 2.15 pm (C.E.T.)",USD,0
EXR.M.USD.EUR.SP00.A,M,USD,EUR,SP00,A,1999-06,1.0377545454545,A,F,,,P1M,,A,,,,,,,99Q1=100,,,4,,4F0,,US dollar/Euro,"ECB reference exchange rate, US dollar/Euro, 2.15 pm (C.E.T.)",USD,0
EXR.M.USD.EUR.SP00.A,M,USD,EUR,SP00,A,1999-07,1.0352681818182,A,F,,,P1M,,A,,,,,,,99Q1=100,,,4,,4F0,,US dollar/Euro,"ECB reference exchange rate, US dollar/Euro, 2.15 pm (C.E.T.)",USD,0
EXR.M.USD.EUR.SP00.A,M,USD,EUR,SP00,A,1999-08,1.0603545454545,A,F,,,P1M,,A,,,,,,,99Q1=100,,,4,,4F0,,US dollar/Euro,"ECB reference exchange rate, US dollar/Euro, 2.15 pm (C.E.T.)",USD,0
EXR.M.USD.EUR.SP00.A,M,USD,EUR,SP00,A,1999-09,1.0500772727273,A,F,,,P1M,,A,,,,,,,99Q1=100,,,4,,4F0,,US dollar/Euro,"ECB reference exchange rate, US dollar/Euro, 2.15 pm (C.E.T.)",USD,0
EXR.M.USD.EUR.SP00.A,M,USD,EUR,SP00,A,1999-10,1.0706333333333,A,F,,,P1M,,A,,,,,,,99Q1=100,,,4,,4F0,,US dollar/Euro,"ECB reference exchange rate, US dollar/Euro, 2.15 pm (C.E.T.)",USD,0
EXR.M.USD.EUR.SP00.A,M,USD,EUR,SP00,A,1999-11,1.0338227272727,A,F,,,P1M,,A,,,,,,,99Q1=100,,,4,,4F0,,US dollar/Euro,"ECB reference exchange rate, US dollar/Euro, 2.15 pm (C.E.T.)",USD,0
EXR.M.USD.EUR.SP00.A,M,USD,EUR,SP00,A,1999-12,1.0110136363636,A,F,,,P1M,,A,,,,,,,99Q1=100,,,4,,4F0,,US dollar/Euro,"ECB reference exchange rate, US dollar/Euro, 2.15 pm (C.E.T.)",USD,0
EXR.M.USD.EUR.SP00.A,M,USD,EUR,SP00,A,2000-01,1.0136952380952,A,F,,,P1M,,A,,,,,,,99Q1=100,,,4,,4F0,,US dollar/Euro,"ECB reference exchange rate, US dollar/Euro, 2.15 pm (C.E.T.)",USD,0
EXR.M.USD.EUR.SP00.A,M,USD,EUR,SP00,A,2000-02,0.9834238095238,A,F,,,P1M,,A,,,,,,,99Q1=100,,,4,,4F0,,US dollar/Euro,"ECB reference exchange rate, US dollar/Euro, 2.15 pm (C.E.T.)",USD,0
EXR.M.USD.EUR.SP00.A,M,USD,EUR,SP00,A,2000-03,0.9643434782609,A,F,,,P1M,,A,,,,,,,99Q1=100,,,4,,4F0,,US dollar/Euro,"ECB reference exchange rate, US dollar/Euro, 2.15 pm (C.E.T.)",USD,0
EXR.M.USD.EUR.SP00.A,M,USD,EUR,SP00,A,2000-04,0.94695,A,F,,,P1M,,A,,,,,,,99Q1=100,,,4,,4F0,,US dollar/Euro,"ECB reference exchange rate, US dollar/Euro, 2.15 pm (C.E.T.)",USD,0
EXR.M.USD.EUR.SP00.A,M,USD,EUR,SP00,A,2000-05,0.9059681818182,A,F,,,P1M,,A,,,,,,,99Q1=100,,,4,,4F0,,US dollar/Euro,"ECB reference exchange rate, US dollar/Euro, 2.15 pm (C.E.T.)",USD,0
EXR.M.USD.EUR.SP00.A,M,USD,EUR,SP00,A,2000-06,0.9491772727273,A,F,,,P1M,,A,,,,,,,99Q1=100,,,4,,4F0,,US dollar/Euro,"ECB reference exchange rate, US dollar/Euro, 2.15 pm (C.E.T.)",USD,0
EXR.M.USD.EUR.SP00.A,M,USD,EUR,SP00,A,2000-07,0.9396571428571,A,F,,,P1M,,A,,,,,,,99Q1=100,,,4,,4F0,,US dollar/Euro,"ECB reference exchange rate, US dollar/Euro, 2.15 pm (C.E.T.)",USD,0
EXR.M.USD.EUR.SP00.A,M,USD,EUR,SP00,A,2000-08,0.9040565217391,A,F,,,P1M,,A,,,,,,,99Q1=100,,,4,,4F0,,US dollar/Euro,"ECB reference exchange rate, US dollar/Euro, 2.15 pm (C.E.T.)",USD,0
EXR.M.USD.EUR.SP00.A,M,USD,EUR,SP00,A,2000-09,0.8721142857143,A,F,,,P1M,,A,,,,,,,99Q1=100,,,4,,4F0,,US dollar/Euro,"ECB reference exchange rate, US dollar/Euro, 2.15 pm (C.E.T.)",USD,0
EXR.M.USD.EUR.SP00.A,M,USD,EUR,SP00,A,2000-10,0.8551590909091,A,F,,,P1M,,A,,,,,,,99Q1=100,,,4,,4F0,,US dollar/Euro,"ECB reference exchange rate, US dollar/Euro, 2.15 pm (C.E.T.)",USD,0
EXR.M.USD.EUR.SP00.A,M,USD,EUR,SP00,A,2000-11,0.8563863636364,A,F,,,P1M,,A,,,,,,,99Q1=100,,,4,,4F0,,US dollar/Euro,"ECB reference exchange rate, US dollar/Euro, 2.15 pm (C.E.T.)",USD,0
EXR.M.USD.EUR.SP00.A,M,USD,EUR,SP00,A,2000-12,0.8973157894737,A,F,,,P1M,,A,,,,,,,99Q1=100,,,4,,4F0,,US dollar/Euro,"ECB reference exchange rate, US dollar/Euro, 2.15 pm (C.E.T.)",USD,0
EXR.M.USD.EUR.SP00.A,M,USD,EUR,SP00,A,2001-01,0.9382818181818,A,F,,,P1M,,A,,,,,,,99Q1=100,,,4,,4F0,,US dollar/Euro,"ECB reference exchange rate, US dollar/Euro, 2.15 pm (C.E.T.)",USD,0
EXR.M.USD.EUR.SP00.A,M,USD,EUR,SP00,A,2001-02,0.921705,A,F,,,P1M,,A,,,,,,,99Q1=100,,,4,,4F0,,US dollar/Euro,"ECB reference exchange rate, US dollar/Euro, 2.15 pm (C.E.T.)",USD,0
EXR.M.USD.EUR.SP00.A,M,USD,EUR,SP00,A,2001-03,0.9095227272727,A,F,,,P1M,,A,,,,,,,99Q1=100,,,4,,4F0,,US dollar/Euro,"ECB reference exchange rate, US dollar/Euro, 2.15 pm (C.E.T.)",USD,0
EXR.M.USD.EUR.SP00.A,M,USD,EUR,SP00,A,2001-04,0.892,A,F,,,P1M,,A,,,,,,,99Q1=100,,,4,,4F0,,US dollar/Euro,"ECB reference exchange rate, US dollar/Euro, 2.15 pm (C.E.T.)",USD,0
EXR.M.USD.EUR.SP00.A,M,USD,EUR,SP00,A,2001-05,0.8741636363636,A,F,,,P1M,,A,,,,,,,99Q1=100,,,4,,4F0,,US dollar/Euro,"ECB reference exchange rate, US dollar/Euro, 2.15 pm (C.E.T.)",USD,0
EXR.M.USD.EUR.SP00.A,M,USD,EUR,SP00,A,2001-06,0.8531666666667,A,F,,,P1M,,A,,,,,,,99Q1=100,,,4,,4F0,,US dollar/Euro,"ECB reference exchange rate, US dollar/Euro, 2.15 pm (C.E.T.)",USD,0
EXR.M.USD.EUR.SP00.A,M,USD,EUR,SP00,A,2001-07,0.8606636363636,A,F,,,P1M,,A,,,,,,,99Q1=100,,,4,,4F0,,US dollar/Euro,"ECB reference exchange rate, US dollar/Euro, 2.15 pm (C.E.T.)",USD,0
EXR.M.USD.EUR.SP00.A,M,USD,EUR,SP00,A,2001-08,0.9004826086957,A,F,,,P1M,,A,,,,,,,99Q1=100,,,4,,4F0,,US dollar/Euro,"ECB reference exchange rate, US dollar/Euro, 2.15 pm (C.E.T.)",USD,0
EXR.M.USD.EUR.SP00.A,M,USD,EUR,SP00,A,2001-09,0.911095,A,F,,,P1M,,A,,,,,,,99Q1=100,,,4,,4F0,,US dollar/Euro,"ECB reference exchange rate, US dollar/Euro, 2.15 pm (C.E.T.)",USD,0
EXR.M.USD.EUR.SP00.A,M,USD,EUR,SP00,A,2001-10,0.9058652173913,A,F,,,P1M,,A,,,,,,,99Q1=100,,,4,,4F0,,US dollar/Euro,"ECB reference exchange rate, US dollar/Euro, 2.15 pm (C.E.T.)",USD,0
EXR.M.USD.EUR.SP00.A,M,USD,EUR,SP00,A,2001-11,0.8883090909091,A,F,,,P1M,,A,,,,,,,99Q1=100,,,4,,4F0,,US dollar/Euro,"ECB reference exchange rate, US dollar/Euro, 2.15 pm (C.E.T.)",USD,0
EXR.M.USD.EUR.SP00.A,M,USD,EUR,SP00,A,2001-12,0.8923722222222,A,F,,,P1M,,A,,,,,,,99Q1=100,,,4,,4F0,,US dollar/Euro,"ECB reference exchange rate, US dollar/Euro, 2.15 pm (C.E.T.)",USD,0
EXR.M.USD.EUR.SP00.A,M,USD,EUR,SP00,A,2002-01,0.8832863636364,A,F,,,P1M,,A,,,,,,,99Q1=100,,,4,,4F0,,US dollar/Euro,"ECB reference exchange rate, US dollar/Euro, 2.15 pm (C.E.T.)",USD,0
EXR.M.USD.EUR.SP00.A,M,USD,EUR,SP00,A,2002-02,0.870035,A,F,,,P1M,,A,,,,,,,99Q1=100,,,4,,4F0,,US dollar/Euro,"ECB reference exchange rate, US dollar/Euro, 2.15 pm (C.E.T.)",USD,0
EXR.M.USD.EUR.SP00.A,M,USD,EUR,SP00,A,2002-03,0.8758,A,F,,,P1M,,A,,,,,,,99Q1=100,,,4,,4F0,,US dollar/Euro,"ECB reference exchange rate, US dollar/Euro, 2.15 pm (C.E.T.)",USD,0
EXR.M.USD.EUR.SP00.A,M,USD,EUR,SP00,A,2002-04,0.8858428571429,A,F,,,P1M,,A,,,,,,,99Q1=100,,,4,,4F0,,US dollar/Euro,"ECB reference exchange rate, US dollar/Euro, 2.15 pm (C.E.T.)",USD,0
EXR.M.USD.EUR.SP00.A,M,USD,EUR,SP00,A,2002-05,0.917,A,F,,,P1M,,A,,,,,,,99Q1=100,,,4,,4F0,,US dollar/Euro,"ECB reference exchange rate, US dollar/Euro, 2.15 pm (C.E.T.)",USD,0
EXR.M.USD.EUR.SP00.A,M,USD,EUR,SP00,A,2002-06,0.95544,A,F,,,P1M,,A,,,,,,,99Q1=100,,,4,,4F0,,US dollar/Euro,"ECB reference exchange rate, US dollar/Euro, 2.15 pm (C.E.T.)",USD,0
EXR.M.USD.EUR.SP00.A,M,USD,EUR,SP00,A,2002-07,0.9921826086957,A,F,,,P1M,,A,,,,,,,99Q1=100,,,4,,4F0,,US dollar/Euro,"ECB reference exchange rate, US dollar/Euro, 2.15 pm (C.E.T.)",USD,0
EXR.M.USD.EUR.SP00.A,M,USD,EUR,SP00,A,2002-08,0.9777590909091,A,F,,,P1M,,A,,,,,,,99Q1=100,,,4,,4F0,,US dollar/Euro,"ECB reference exchange rate, US dollar/Euro, 2.15 pm (C.E.T.)",USD,0
EXR.M.USD.EUR.SP00.A,M,USD,EUR,SP00,A,2002-09,0.9807952380952,A,F,,,P1M,,A,,,,,,,99Q1=100,,,4,,4F0,,US dollar/Euro,"ECB reference exchange rate, US dollar/Euro, 2.15 pm (C.E.T.)",USD,0
EXR.M.USD.EUR.SP00.A,M,USD,EUR,SP00,A,2002-10,0.9811086956522,A,F,,,P1M,,A,,,,,,,99Q1=100,,,4,,4F0,,US dollar/Euro,"ECB reference exchange rate, US dollar/Euro, 2.15 pm (C.E.T.)",USD,0
EXR.M.USD.EUR.SP00.A,M,USD,EUR,SP00,A,2002-11,1.0013619047619,A,F,,,P1M,,A,,,,,,,99Q1=100,,,4,,4F0,,US dollar/Euro,"ECB reference exchange rate, US dollar/Euro, 2.15 pm (C.E.T.)",USD,0
EXR.M.USD.EUR.SP00.A,M,USD,EUR,SP00,A,2002-12,1.018255,A,F,,,P1M,,A,,,,,,,99Q1=100,,,4,,4F0,,US dollar/Euro,"ECB reference exchange rate, US dollar/Euro, 2.15 pm (C.E.T.)",USD,0
EXR.M.USD.EUR.SP00.A,M,USD,EUR,SP00,A,2003-01,1.0621863636364,A,F,,,P1M,,A,,,,,,,99Q1=100,,,4,,4F0,,US dollar/Euro,"ECB reference exchange rate, US dollar/Euro, 2.15 pm (C.E.T.)",USD,0
EXR.M.USD.EUR.SP00.A,M,USD,EUR,SP00,A,2003-02,1.077295,A,F,,,P1M,,A,,,,,,,99Q1=100,,,4,,4F0,,US dollar/Euro,"ECB reference exchange rate, US dollar/Euro, 2.15 pm (C.E.T.)",USD,0
EXR.M.USD.EUR.SP00.A,M,USD,EUR,SP00,A,2003-03,1.0806523809524,A,F,,,P1M,,A,,,,,,,99Q1=100,,,4,,4F0,,US dollar/Euro,"ECB reference exchange rate, US dollar/Euro, 2.15 pm (C.E.T.)",USD,0
EXR.M.USD.EUR.SP00.A,M,USD,EUR,SP00,A,2003-04,1.08476,A,F,,,P1M,,A,,,,,,,99Q1=100,,,4,,4F0,,US dollar/Euro,"ECB reference exchange rate, US dollar/Euro, 2.15 pm (C.E.T.)",USD,0
EXR.M.USD.EUR.SP00.A,M,USD,EUR,SP00,A,2003-05,1.158180952381,A,F,,,P1M,,A,,,,,,,99Q1=100,,,4,,4F0,,US dollar/Euro,"ECB reference exchange rate, US dollar/Euro, 2.15 pm (C.E.T.)",USD,0
EXR.M.USD.EUR.SP00.A,M,USD,EUR,SP00,A,2003-06,1.166280952381,A,F,,,P1M,,A,,,,,,,99Q1=100,,,4,,4F0,,US dollar/Euro,"ECB reference exchange rate, US dollar/Euro, 2.15 pm (C.E.T.)",USD,0
EXR.M.USD.EUR.SP00.A,M,USD,EUR,SP00,A,2003-07,1.1371826086957,A,F,,,P1M,,A,,,,,,,99Q1=100,,,4,,4F0,,US dollar/Euro,"ECB reference exchange rate, US dollar/Euro, 2.15 pm (C.E.T.)",USD,0
EXR.M.USD.EUR.SP00.A,M,USD,EUR,SP00,A,2003-08,1.1138666666667,A,F,,,P1M,,A,,,,,,,99Q1=100,,,4,,4F0,,US dollar/Euro,"ECB reference exchange rate, US dollar/Euro, 2.15 pm (C.E.T.)",USD,0
EXR.M.USD.EUR.SP00.A,M,USD,EUR,SP00,A,2003-09,1.1221727272727,A,F,,,P1M,,A,,,,,,,99Q1=100,,,4,,4F0,,US dollar/Euro,"ECB reference exchange rate, US dollar/Euro, 2.15 pm (C.E.T.)",USD,0
EXR.M.USD.EUR.SP00.A,M,USD,EUR,SP00,A,2003-10,1.1691913043478,A,F,,,P1M,,A,,,,,,,99Q1=100,,,4,,4F0,,US dollar/Euro,"ECB reference exchange rate, US dollar/Euro, 2.15 pm (C.E.T.)",USD,0
EXR.M.USD.EUR.SP00.A,M,USD,EUR,SP00,A,2003-11,1.170195,A,F,,,P1M,,A,,,,,,,99Q1=100,,,4,,4F0,,US dollar/Euro,"ECB reference exchange rate, US dollar/Euro, 2.15 pm (C.E.T.)",USD,0
EXR.M.USD.EUR.SP00.A,M,USD,EUR,SP00,A,2003-12,1.2285619047619,A,F,,,P1M,,A,,,,,,,99Q1=100,,,4,,4F0,,US dollar/Euro,"ECB reference exchange rate, US dollar/Euro, 2.15 pm (C.E.T.)",USD,0
EXR.M.USD.EUR.SP00.A,M,USD,EUR,SP00,A,2004-01,1.261319047619,A,F,,,P1M,,A,,,,,,,99Q1=100,,,4,,4F0,,US dollar/Euro,"ECB reference exchange rate, US dollar/Euro, 2.15 pm (C.E.T.)",USD,0
EXR.M.USD.EUR.SP00.A,M,USD,EUR,SP00,A,2004-02,1.264645,A,F,,,P1M,,A,,,,,,,99Q1=100,,,4,,4F0,,US dollar/Euro,"ECB reference exchange rate, US dollar/Euro, 2.15 pm (C.E.T.)",USD,0
EXR.M.USD.EUR.SP00.A,M,USD,EUR,SP00,A,2004-03,1.2261652173913,A,F,,,P1M,,A,,,,,,,99Q1=100,,,4,,4F0,,US dollar/Euro,"ECB reference exchange rate, US dollar/Euro, 2.15 pm (C.E.T.)",USD,0
EXR.M.USD.EUR.SP00.A,M,USD,EUR,SP00,A,2004-04,1.19854,A,F,,,P1M,,A,,,,,,,99Q1=100,,,4,,4F0,,US dollar/Euro,"ECB reference exchange rate, US dollar/Euro, 2.15 pm (C.E.T.)",USD,0
EXR.M.USD.EUR.SP00.A,M,USD,EUR,SP00,A,2004-05,1.2007238095238,A,F,,,P1M,,A,,,,,,,99Q1=100,,,4,,4F0,,US dollar/Euro,"ECB reference exchange rate, US dollar/Euro, 2.15 pm (C.E.T.)",USD,0
EXR.M.USD.EUR.SP00.A,M,USD,EUR,SP00,A,2004-06,1.2138318181818,A,F,,,P1M,,A,,,,,,,99Q1=100,,,4,,4F0,,US dollar/Euro,"ECB reference exchange rate, US dollar/Euro, 2.15 pm (C.E.T.)",USD,0
EXR.M.USD.EUR.SP00.A,M,USD,EUR,SP00,A,2004-07,1.2265863636364,A,F,,,P1M,,A,,,,,,,99Q1=100,,,4,,4F0,,US dollar/Euro,"ECB reference exchange rate, US dollar/Euro, 2.15 pm (C.E.T.)",USD,0
EXR.M.USD.EUR.SP00.A,M,USD,EUR,SP00,A,2004-08,1.2175954545455,A,F,,,P1M,,A,,,,,,,99Q1=100,,,4,,4F0,,US dollar/Euro,"ECB reference exchange rate, US dollar/Euro, 2.15 pm (C.E.T.)",USD,0
EXR.M.USD.EUR.SP00.A,M,USD,EUR,SP00,A,2004-09,1.2217818181818,A,F,,,P1M,,A,,,,,,,99Q1=100,,,4,,4F0,,US dollar/Euro,"ECB reference exchange rate, US dollar/Euro, 2.15 pm (C.E.T.)",USD,0
EXR.M.USD.EUR.SP00.A,M,USD,EUR,SP00,A,2004-10,1.2489666666667,A,F,,,P1M,,A,,,,,,,99Q1=100,,,4,,4F0,,US dollar/Euro,"ECB reference exchange rate, US dollar/Euro, 2.15 pm (C.E.T.)",USD,0
EXR.M.USD.EUR.SP00.A,M,USD,EUR,SP00,A,2004-11,1.2991363636364,A,F,,,P1M,,A,,,,,,,99Q1=100,,,4,,4F0,,US dollar/Euro,"ECB reference exchange rate, US dollar/Euro, 2.15 pm (C.E.T.)",USD,0
EXR.M.USD.EUR.SP00.A,M,USD,EUR,SP00,A,2004-12,1.3407608695652,A,F,,,P1M,,A,,,,,,,99Q1=100,,,4,,4F0,,US dollar/Euro,"ECB reference exchange rate, US dollar/Euro, 2.15 pm (C.E.T.)",USD,0
EXR.M.USD.EUR.SP00.A,M,USD,EUR,SP00,A,2005-01,1.3119285714286,A,F,,,P1M,,A,,,,,,,99Q1=100,,,4,,4F0,,US dollar/Euro,"ECB reference exchange rate, US dollar/Euro, 2.15 pm (C.E.T.)",USD,0
EXR.M.USD.EUR.SP00.A,M,USD,EUR,SP00,A,2005-02,1.301425,A,F,,,P1M,,A,,,,,,,99Q1=100,,,4,,4F0,,US dollar/Euro,"ECB reference exchange rate, US dollar/Euro, 2.15 pm (C.E.T.)",USD,0
EXR.M.USD.EUR.SP00.A,M,USD,EUR,SP00,A,2005-03,1.3200666666667,A,F,,,P1M,,A,,,,,,,99Q1=100,,,4,,4F0,,US dollar/Euro,"ECB reference exchange rate, US dollar/Euro, 2.15 pm (C.E.T.)",USD,0
EXR.M.USD.EUR.SP00.A,M,USD,EUR,SP00,A,2005-04,1.2937904761905,A,F,,,P1M,,A,,,,,,,99Q1=100,,,4,,4F0,,US dollar/Euro,"ECB reference exchange rate, US dollar/Euro, 2.15 pm (C.E.T.)",USD,0
EXR.M.USD.EUR.SP00.A,M,USD,EUR,SP00,A,2005-05,1.2693954545455,A,F,,,P1M,,A,,,,,,,99Q1=100,,,4,,4F0,,US dollar/Euro,"ECB reference exchange rate, US dollar/Euro, 2.15 pm (C.E.T.)",USD,0
EXR.M.USD.EUR.SP00.A,M,USD,EUR,SP00,A,2005-06,1.2164909090909,A,F,,,P1M,,A,,,,,,,99Q1=100,,,4,,4F0,,US dollar/Euro,"ECB reference exchange rate, US dollar/Euro, 2.15 pm (C.E.T.)",USD,0
EXR.M.USD.EUR.SP00.A,M,USD,EUR,SP00,A,2005-07,1.203719047619,A,F,,,P1M,,A,,,,,,,99Q1=100,,,4,,4F0,,US dollar/Euro,"ECB reference exchange rate, US dollar/Euro, 2.15 pm (C.E.T.)",USD,0
EXR.M.USD.EUR.SP00.A,M,USD,EUR,SP00,A,2005-08,1.2292434782609,A,F,,,P1M,,A,,,,,,,99Q1=100,,,4,,4F0,,US dollar/Euro,"ECB reference exchange rate, US dollar/Euro, 2.15 pm (C.E.T.)",USD,0
EXR.M.USD.EUR.SP00.A,M,USD,EUR,SP00,A,2005-09,1.2256409090909,A,F,,,P1M,,A,,,,,,,99Q1=100,,,4,,4F0,,US dollar/Euro,"ECB reference exchange rate, US dollar/Euro, 2.15 pm (C.E.T.)",USD,0
EXR.M.USD.EUR.SP00.A,M,USD,EUR,SP00,A,2005-10,1.2014523809524,A,F,,,P1M,,A,,,,,,,99Q1=100,,,4,,4F0,,US dollar/Euro,"ECB reference exchange rate, US dollar/Euro, 2.15 pm (C.E.T.)",USD,0
EXR.M.USD.EUR.SP00.A,M,USD,EUR,SP00,A,2005-11,1.1785727272727,A,F,,,P1M,,A,,,,,,,99Q1=100,,,4,,4F0,,US dollar/Euro,"ECB reference exchange rate, US dollar/Euro, 2.15 pm (C.E.T.)",USD,0
EXR.M.USD.EUR.SP00.A,M,USD,EUR,SP00,A,2005-12,1.1856095238095,A,F,,,P1M,,A,,,,,,,99Q1=100,,,4,,4F0,,US dollar/Euro,"ECB reference exchange rate, US dollar/Euro, 2.15 pm (C.E.T.)",USD,0
EXR.M.USD.EUR.SP00.A,M,USD,EUR,SP00,A,2006-01,1.2103136363636,A,F,,,P1M,,A,,,,,,,99Q1=100,,,4,,4F0,,US dollar/Euro,"ECB reference exchange rate, US dollar/Euro, 2.15 pm (C.E.T.)",USD,0
EXR.M.USD.EUR.SP00.A,M,USD,EUR,SP00,A,2006-02,1.193835,A,F,,,P1M,,A,,,,,,,99Q1=100,,,4,,4F0,,US dollar/Euro,"ECB reference exchange rate, US dollar/Euro, 2.15 pm (C.E.T.)",USD,0
EXR.M.USD.EUR.SP00.A,M,USD,EUR,SP00,A,2006-03,1.202,A,F,,,P1M,,A,,,,,,,99Q1=100,,,4,,4F0,,US dollar/Euro,"ECB reference exchange rate, US dollar/Euro, 2.15 pm (C.E.T.)",USD,0
EXR.M.USD.EUR.SP00.A,M,USD,EUR,SP00,A,2006-04,1.2271166666667,A,F,,,P1M,,A,,,,,,,99Q1=100,,,4,,4F0,,US dollar/Euro,"ECB reference exchange rate, US dollar/Euro, 2.15 pm (C.E.T.)",USD,0
EXR.M.USD.EUR.SP00.A,M,USD,EUR,SP00,A,2006-05,1.2769590909091,A,F,,,P1M,,A,,,,,,,99Q1=100,,,4,,4F0,,US dollar/Euro,"ECB reference exchange rate, US dollar/Euro, 2.15 pm (C.E.T.)",USD,0
EXR.M.USD.EUR.SP00.A,M,USD,EUR,SP00,A,2006-06,1.2649954545455,A,F,,,P1M,,A,,,,,,,99Q1=100,,,4,,4F0,,US dollar/Euro,"ECB reference exchange rate, US dollar/Euro, 2.15 pm (C.E.T.)",USD,0
EXR.M.USD.EUR.SP00.A,M,USD,EUR,SP00,A,2006-07,1.2683666666667,A,F,,,P1M,,A,,,,,,,99Q1=100,,,4,,4F0,,US dollar/Euro,"ECB reference exchange rate, US dollar/Euro, 2.15 pm (C.E.T.)",USD,0
EXR.M.USD.EUR.SP00.A,M,USD,EUR,SP00,A,2006-08,1.2811304347826,A,F,,,P1M,,A,,,,,,,99Q1=100,,,4,,4F0,,US dollar/Euro,"ECB reference exchange rate, US dollar/Euro, 2.15 pm (C.E.T.)",USD,0
EXR.M.USD.EUR.SP00.A,M,USD,EUR,SP00,A,2006-09,1.2727428571429,A,F,,,P1M,,A,,,,,,,99Q1=100,,,4,,4F0,,US dollar/Euro,"ECB reference exchange rate, US dollar/Euro, 2.15 pm (C.E.T.)",USD,0
EXR.M.USD.EUR.SP00.A,M,USD,EUR,SP00,A,2006-10,1.2611045454545,A,F,,,P1M,,A,,,,,,,99Q1=100,,,4,,4F0,,US dollar/Euro,"ECB reference exchange rate, US dollar/Euro, 2.15 pm (C.E.T.)",USD,0
EXR.M.USD.EUR.SP00.A,M,USD,EUR,SP00,A,2006-11,1.2881409090909,A,F,,,P1M,,A,,,,,,,99Q1=100,,,4,,4F0,,US dollar/Euro,"ECB reference exchange rate, US dollar/Euro, 2.15 pm (C.E.T.)",USD,0
EXR.M.USD.EUR.SP00.A,M,USD,EUR,SP00,A,2006-12,1.3212789473684,A,F,,,P1M,,A,,,,,,,99Q1=100,,,4,,4F0,,US dollar/Euro,"ECB reference exchange rate, US dollar/Euro, 2.15 pm (C.E.T.)",USD,0
EXR.M.USD.EUR.SP00.A,M,USD,EUR,SP00,A,2007-01,1.2998636363636,A,F,,,P1M,,A,,,,,,,99Q1=100,,,4,,4F0,,US dollar/Euro,"ECB reference exchange rate, US dollar/Euro, 2.15 pm (C.E.T.)",USD,0
EXR.M.USD.EUR.SP00.A,M,USD,EUR,SP00,A,2007-02,1.30742,A,F,,,P1M,,A,,,,,,,99Q1=100,,,4,,4F0,,US dollar/Euro,"ECB reference exchange rate, US dollar/Euro, 2.15 pm (C.E.T.)",USD,0
EXR.M.USD.EUR.SP00.A,M,USD,EUR,SP00,A,2007-03,1.3241863636364,A,F,,,P1M,,A,,,,,,,99Q1=100,,,4,,4F0,,US dollar/Euro,"ECB reference exchange rate, US dollar/Euro, 2.15 pm (C.E.T.)",USD,0
EXR.M.USD.EUR.SP00.A,M,USD,EUR,SP00,A,2007-04,1.3516157894737,A,F,,,P1M,,A,,,,,,,99Q1=100,,,4,,4F0,,US dollar/Euro,"ECB reference exchange rate, US dollar/Euro, 2.15 pm (C.E.T.)",USD,0
EXR.M.USD.EUR.SP00.A,M,USD,EUR,SP00,A,2007-05,1.3511318181818,A,F,,,P1M,,A,,,,,,,99Q1=100,,,4,,4F0,,US dollar/Euro,"ECB reference exchange rate, US dollar/Euro, 2.15 pm (C.E.T.)",USD,0
EXR.M.USD.EUR.SP00.A,M,USD,EUR,SP00,A,2007-06,1.3418571428571,A,F,,,P1M,,A,,,,,,,99Q1=100,,,4,,4F0,,US dollar/Euro,"ECB reference exchange rate, US dollar/Euro, 2.15 pm (C.E.T.)",USD,0
EXR.M.USD.EUR.SP00.A,M,USD,EUR,SP00,A,2007-07,1.3715590909091,A,F,,,P1M,,A,,,,,,,99Q1=100,,,4,,4F0,,US dollar/Euro,"ECB reference exchange rate, US dollar/Euro, 2.15 pm (C.E.T.)",USD,0
EXR.M.USD.EUR.SP00.A,M,USD,EUR,SP00,A,2007-08,1.362247826087,A,F,,,P1M,,A,,,,,,,99Q1=100,,,4,,4F0,,US dollar/Euro,"ECB reference exchange rate, US dollar/Euro, 2.15 pm (C.E.T.)",USD,0
EXR.M.USD.EUR.SP00.A,M,USD,EUR,SP00,A,2007-09,1.389645,A,F,,,P1M,,A,,,,,,,99Q1=100,,,4,,4F0,,US dollar/Euro,"ECB reference exchange rate, US dollar/Euro, 2.15 pm (C.E.T.)",USD,0
EXR.M.USD.EUR.SP00.A,M,USD,EUR,SP00,A,2007-10,1.422747826087,A,F,,,P1M,,A,,,,,,,99Q1=100,,,4,,4F0,,US dollar/Euro,"ECB reference exchange rate, US dollar/Euro, 2.15 pm (C.E.T.)",USD,0
EXR.M.USD.EUR.SP00.A,M,USD,EUR,SP00,A,2007-11,1.4683636363636,A,F,,,P1M,,A,,,,,,,99Q1=100,,,4,,4F0,,US dollar/Euro,"ECB reference exchange rate, US dollar/Euro, 2.15 pm (C.E.T.)",USD,0
EXR.M.USD.EUR.SP00.A,M,USD,EUR,SP00,A,2007-12,1.4570368421053,A,F,,,P1M,,A,,,,,,,99Q1=100,,,4,,4F0,,US dollar/Euro,"ECB reference exchange rate, US dollar/Euro, 2.15 pm (C.E.T.)",USD,0
EXR.M.USD.EUR.SP00.A,M,USD,EUR,SP00,A,2008-01,1.4717909090909,A,F,,,P1M,,A,,,,,,,99Q1=100,,,4,,4F0,,US dollar/Euro,"ECB reference exchange rate, US dollar/Euro, 2.15 pm (C.E.T.)",USD,0
EXR.M.USD.EUR.SP00.A,M,USD,EUR,SP00,A,2008-02,1.4748380952381,A,F,,,P1M,,A,,,,,,,99Q1=100,,,4,,4F0,,US dollar/Euro,"ECB reference exchange rate, US dollar/Euro, 2.15 pm (C.E.T.)",USD,0
EXR.M.USD.EUR.SP00.A,M,USD,EUR,SP00,A,2008-03,1.5526526315789,A,F,,,P1M,,A,,,,,,,99Q1=100,,,4,,4F0,,US dollar/Euro,"ECB reference exchange rate, US dollar/Euro, 2.15 pm (C.E.T.)",USD,0
EXR.M.USD.EUR.SP00.A,M,USD,EUR,SP00,A,2008-04,1.57505,A,F,,,P1M,,A,,,,,,,99Q1=100,,,4,,4F0,,US dollar/Euro,"ECB reference exchange rate, US dollar/Euro, 2.15 pm (C.E.T.)",USD,0
EXR.M.USD.EUR.SP00.A,M,USD,EUR,SP00,A,2008-05,1.5557,A,F,,,P1M,,A,,,,,,,99Q1=100,,,4,,4F0,,US dollar/Euro,"ECB reference exchange rate, US dollar/Euro, 2.15 pm (C.E.T.)",USD,0
EXR.M.USD.EUR.SP00.A,M,USD,EUR,SP00,A,2008-06,1.5552761904762,A,F,,,P1M,,A,,,,,,,99Q1=100,,,4,,4F0,,US dollar/Euro,"ECB reference exchange rate, US dollar/Euro, 2.15 pm (C.E.T.)",USD,0
EXR.M.USD.EUR.SP00.A,M,USD,EUR,SP00,A,2008-07,1.5769695652174,A,F,,,P1M,,A,,,,,,,99Q1=100,,,4,,4F0,,US dollar/Euro,"ECB reference exchange rate, US dollar/Euro, 2.15 pm (C.E.T.)",USD,0
EXR.M.USD.EUR.SP00.A,M,USD,EUR,SP00,A,2008-08,1.4975380952381,A,F,,,P1M,,A,,,,,,,99Q1=100,,,4,,4F0,,US dollar/Euro,"ECB reference exchange rate, US dollar/Euro, 2.15 pm (C.E.T.)",USD,0
EXR.M.USD.EUR.SP00.A,M,USD,EUR,SP00,A,2008-09,1.43695,A,F,,,P1M,,A,,,,,,,99Q1=100,,,4,,4F0,,US dollar/Euro,"ECB reference exchange rate, US dollar/Euro, 2.15 pm (C.E.T.)",USD,0
EXR.M.USD.EUR.SP00.A,M,USD,EUR,SP00,A,2008-10,1.3322086956522,A,F,,,P1M,,A,,,,,,,99Q1=100,,,4,,4F0,,US dollar/Euro,"ECB reference exchange rate, US dollar/Euro, 2.15 pm (C.E.T.)",USD,0
EXR.M.USD.EUR.SP00.A,M,USD,EUR,SP00,A,2008-11,1.273215,A,F,,,P1M,,A,,,,,,,99Q1=100,,,4,,4F0,,US dollar/Euro,"ECB reference exchange rate, US dollar/Euro, 2.15 pm (C.E.T.)",USD,0
EXR.M.USD.EUR.SP00.A,M,USD,EUR,SP00,A,2008-12,1.3449428571429,A,F,,,P1M,,A,,,,,,,99Q1=100,,,4,,4F0,,US dollar/Euro,"ECB reference exchange rate, US dollar/Euro, 2.15 pm (C.E.T.)",USD,0
EXR.M.USD.EUR.SP00.A,M,USD,EUR,SP00,A,2009-01,1.3238666666667,A,F,,,P1M,,A,,,,,,,99Q1=100,,,4,,4F0,,US dollar/Euro,"ECB reference exchange rate, US dollar/Euro, 2.15 pm (C.E.T.)",USD,0
EXR.M.USD.EUR.SP00.A,M,USD,EUR,SP00,A,2009-02,1.27847,A,F,,,P1M,,A,,,,,,,99Q1=100,,,4,,4F0,,US dollar/Euro,"ECB reference exchange rate, US dollar/Euro, 2.15 pm (C.E.T.)",USD,0
EXR.M.USD.EUR.SP00.A,M,USD,EUR,SP00,A,2009-03,1.3049818181818,A,F,,,P1M,,A,,,,,,,99Q1=100,,,4,,4F0,,US dollar/Euro,"ECB reference exchange rate, US dollar/Euro, 2.15 pm (C.E.T.)",USD,0
EXR.M.USD.EUR.SP00.A,M,USD,EUR,SP00,A,2009-04,1.31903,A,F,,,P1M,,A,,,,,,,99Q1=100,,,4,,4F0,,US dollar/Euro,"ECB reference exchange rate, US dollar/Euro, 2.15 pm (C.E.T.)",USD,0
EXR.M.USD.EUR.SP00.A,M,USD,EUR,SP00,A,2009-05,1.365045,A,F,,,P1M,,A,,,,,,,99Q1=100,,,4,,4F0,,US dollar/Euro,"ECB reference exchange rate, US dollar/Euro, 2.15 pm (C.E.T.)",USD,0
EXR.M.USD.EUR.SP00.A,M,USD,EUR,SP00,A,2009-06,1.4016454545455,A,F,,,P1M,,A,,,,,,,99Q1=100,,,4,,4F0,,US dollar/Euro,"ECB reference exchange rate, US dollar/Euro, 2.15 pm (C.E.T.)",USD,0
EXR.M.USD.EUR.SP00.A,M,USD,EUR,SP00,A,2009-07,1.4087695652174,A,F,,,P1M,,A,,,,,,,99Q1=100,,,4,,4F0,,US dollar/Euro,"ECB reference exchange rate, US dollar/Euro, 2.15 pm (C.E.T.)",USD,0
EXR.M.USD.EUR.SP00.A,M,USD,EUR,SP00,A,2009-08,1.4268,A,F,,,P1M,,A,,,,,,,99Q1=100,,,4,,4F0,,US dollar/Euro,"ECB reference exchange rate, US dollar/Euro, 2.15 pm (C.E.T.)",USD,0
EXR.M.USD.EUR.SP00.A,M,USD,EUR,SP00,A,2009-09,1.4561636363636,A,F,,,P1M,,A,,,,,,,99Q1=100,,,4,,4F0,,US dollar/Euro,"ECB reference exchange rate, US dollar/Euro, 2.15 pm (C.E.T.)",USD,0
EXR.M.USD.EUR.SP00.A,M,USD,EUR,SP00,A,2009-10,1.4816363636364,A,F,,,P1M,,A,,,,,,,99Q1=100,,,4,,4F0,,US dollar/Euro,"ECB reference exchange rate, US dollar/Euro, 2.15 pm (C.E.T.)",USD,0
EXR.M.USD.EUR.SP00.A,M,USD,EUR,SP00,A,2009-11,1.4914476190476,A,F,,,P1M,,A,,,,,,,99Q1=100,,,4,,4F0,,US dollar/Euro,"ECB reference exchange rate, US dollar/Euro, 2.15 pm (C.E.T.)",USD,0
EXR.M.USD.EUR.SP00.A,M,USD,EUR,SP00,A,2009-12,1.4613590909091,A,F,,,P1M,,A,,,,,,,99Q1=100,,,4,,4F0,,US dollar/Euro,"ECB reference exchange rate, US dollar/Euro, 2.15 pm (C.E.T.)",USD,0
EXR.M.USD.EUR.SP00.A,M,USD,EUR,SP00,A,2010-01,1.42721,A,F,,,P1M,,A,,,,,,,99Q1=100,,,4,,4F0,,US dollar/Euro,"ECB reference exchange rate, US dollar/Euro, 2.15 pm (C.E.T.)",USD,0
EXR.M.USD.EUR.SP00.A,M,USD,EUR,SP00,A,2010-02,1.36857,A,F,,,P1M,,A,,,,,,,99Q1=100,,,4,,4F0,,US dollar/Euro,"ECB reference exchange rate, US dollar/Euro, 2.15 pm (C.E.T.)",USD,0
EXR.M.USD.EUR.SP00.A,M,USD,EUR,SP00,A,2010-03,1.356852173913,A,F,,,P1M,,A,,,,,,,99Q1=100,,,4,,4F0,,US dollar/Euro,"ECB reference exchange rate, US dollar/Euro, 2.15 pm (C.E.T.)",USD,0
EXR.M.USD.EUR.SP00.A,M,USD,EUR,SP00,A,2010-04,1.34057,A,F,,,P1M,,A,,,,,,,99Q1=100,,,4,,4F0,,US dollar/Euro,"ECB reference exchange rate, US dollar/Euro, 2.15 pm (C.E.T.)",USD,0
EXR.M.USD.EUR.SP00.A,M,USD,EUR,SP00,A,2010-05,1.2565333333333,A,F,,,P1M,,A,,,,,,,99Q1=100,,,4,,4F0,,US dollar/Euro,"ECB reference exchange rate, US dollar/Euro, 2.15 pm (C.E.T.)",USD,0
EXR.M.USD.EUR.SP00.A,M,USD,EUR,SP00,A,2010-06,1.22085,A,F,,,P1M,,A,,,,,,,99Q1=100,,,4,,4F0,,US dollar/Euro,"ECB reference exchange rate, US dollar/Euro, 2.15 pm (C.E.T.)",USD,0
EXR.M.USD.EUR.SP00.A,M,USD,EUR,SP00,A,2010-07,1.277,A,F,,,P1M,,A,,,,,,,99Q1=100,,,4,,4F0,,US dollar/Euro,"ECB reference exchange rate, US dollar/Euro, 2.15 pm (C.E.T.)",USD,0
EXR.M.USD.EUR.SP00.A,M,USD,EUR,SP00,A,2010-08,1.2894181818182,A,F,,,P1M,,A,,,,,,,99Q1=100,,,4,,4F0,,US dollar/Euro,"ECB reference exchange rate, US dollar/Euro, 2.15 pm (C.E.T.)",USD,0
EXR.M.USD.EUR.SP00.A,M,USD,EUR,SP00,A,2010-09,1.3067,A,F,,,P1M,,A,,,,,,,99Q1=100,,,4,,4F0,,US dollar/Euro,"ECB reference exchange rate, US dollar/Euro, 2.15 pm (C.E.T.)",USD,0
EXR.M.USD.EUR.SP00.A,M,USD,EUR,SP00,A,2010-10,1.389780952381,A,F,,,P1M,,A,,,,,,,99Q1=100,,,4,,4F0,,US dollar/Euro,"ECB reference exchange rate, US dollar/Euro, 2.15 pm (C.E.T.)",USD,0
EXR.M.USD.EUR.SP00.A,M,USD,EUR,SP00,A,2010-11,1.3660954545455,A,F,,,P1M,,A,,,,,,,99Q1=100,,,4,,4F0,,US dollar/Euro,"ECB reference exchange rate, US dollar/Euro, 2.15 pm (C.E.T.)",USD,0
EXR.M.USD.EUR.SP00.A,M,USD,EUR,SP00,A,2010-12,1.3220130434783,A,F,,,P1M,,A,,,,,,,99Q1=100,,,4,,4F0,,US dollar/Euro,"ECB reference exchange rate, US dollar/Euro, 2.15 pm (C.E.T.)",USD,0
EXR.M.USD.EUR.SP00.A,M,USD,EUR,SP00,A,2011-01,1.3359666666667,A,F,,,P1M,,A,,,,,,,99Q1=100,,,4,,4F0,,US dollar/Euro,"ECB reference exchange rate, US dollar/Euro, 2.15 pm (C.E.T.)",USD,0
EXR.M.USD.EUR.SP00.A,M,USD,EUR,SP00,A,2011-02,1.364895,A,F,,,P1M,,A,,,,,,,99Q1=100,,,4,,4F0,,US dollar/Euro,"ECB reference exchange rate, US dollar/Euro, 2.15 pm (C.E.T.)",USD,0
EXR.M.USD.EUR.SP00.A,M,USD,EUR,SP00,A,2011-03,1.3999173913043,A,F,,,P1M,,A,,,,,,,99Q1=100,,,4,,4F0,,US dollar/Euro,"ECB reference exchange rate, US dollar/Euro, 2.15 pm (C.E.T.)",USD,0
EXR.M.USD.EUR.SP00.A,M,USD,EUR,SP00,A,2011-04,1.4441789473684,A,F,,,P1M,,A,,,,,,,99Q1=100,,,4,,4F0,,US dollar/Euro,"ECB reference exchange rate, US dollar/Euro, 2.15 pm (C.E.T.)",USD,0
EXR.M.USD.EUR.SP00.A,M,USD,EUR,SP00,A,2011-05,1.4348636363636,A,F,,,P1M,,A,,,,,,,99Q1=100,,,4,,4F0,,US dollar/Euro,"ECB reference exchange rate, US dollar/Euro, 2.15 pm (C.E.T.)",USD,0
EXR.M.USD.EUR.SP00.A,M,USD,EUR,SP00,A,2011-06,1.4388409090909,A,F,,,P1M,,A,,,,,,,99Q1=100,,,4,,4F0,,US dollar/Euro,"ECB reference exchange rate, US dollar/Euro, 2.15 pm (C.E.T.)",USD,0
EXR.M.USD.EUR.SP00.A,M,USD,EUR,SP00,A,2011-07,1.4264285714286,A,F,,,P1M,,A,,,,,,,99Q1=100,,,4,,4F0,,US dollar/Euro,"ECB reference exchange rate, US dollar/Euro, 2.15 pm (C.E.T.)",USD,0
EXR.M.USD.EUR.SP00.A,M,USD,EUR,SP00,A,2011-08,1.4343217391304,A,F,,,P1M,,A,,,,,,,99Q1=100,,,4,,4F0,,US dollar/Euro,"ECB reference exchange rate, US dollar/Euro, 2.15 pm (C.E.T.)",USD,0
EXR.M.USD.EUR.SP00.A,M,USD,EUR,SP00,A,2011-09,1.377,A,F,,,P1M,,A,,,,,,,99Q1=100,,,4,,4F0,,US dollar/Euro,"ECB reference exchange rate, US dollar/Euro, 2.15 pm (C.E.T.)",USD,0
EXR.M.USD.EUR.SP00.A,M,USD,EUR,SP00,A,2011-10,1.3706333333333,A,F,,,P1M,,A,,,,,,,99Q1=100,,,4,,4F0,,US dollar/Euro,"ECB reference exchange rate, US dollar/Euro, 2.15 pm (C.E.T.)",USD,0
EXR.M.USD.EUR.SP00.A,M,USD,EUR,SP00,A,2011-11,1.3555727272727,A,F,,,P1M,,A,,,,,,,99Q1=100,,,4,,4F0,,US dollar/Euro,"ECB reference exchange rate, US dollar/Euro, 2.15 pm (C.E.T.)",USD,0
EXR.M.USD.EUR.SP00.A,M,USD,EUR,SP00,A,2011-12,1.3179047619048,A,F,,,P1M,,A,,,,,,,99Q1=100,,,4,,4F0,,US dollar/Euro,"ECB reference exchange rate, US dollar/Euro, 2.15 pm (C.E.T.)",USD,0
EXR.M.USD.EUR.SP00.A,M,USD,EUR,SP00,A,2012-01,1.2904863636364,A,F,,,P1M,,A,,,,,,,99Q1=100,,,4,,4F0,,US dollar/Euro,"ECB reference exchange rate, US dollar/Euro, 2.15 pm (C.E.T.)",USD,0
EXR.M.USD.EUR.SP00.A,M,USD,EUR,SP00,A,2012-02,1.3224095238095,A,F,,,P1M,,A,,,,,,,99Q1=100,,,4,,4F0,,US dollar/Euro,"ECB reference exchange rate, US dollar/Euro, 2.15 pm (C.E.T.)",USD,0
EXR.M.USD.EUR.SP00.A,M,USD,EUR,SP00,A,2012-03,1.3201,A,F,,,P1M,,A,,,,,,,99Q1=100,,,4,,4F0,,US dollar/Euro,"ECB reference exchange rate, US dollar/Euro, 2.15 pm (C.E.T.)",USD,0
EXR.M.USD.EUR.SP00.A,M,USD,EUR,SP00,A,2012-04,1.3161736842105,A,F,,,P1M,,A,,,,,,,99Q1=100,,,4,,4F0,,US dollar/Euro,"ECB reference exchange rate, US dollar/Euro, 2.15 pm (C.E.T.)",USD,0
EXR.M.USD.EUR.SP00.A,M,USD,EUR,SP00,A,2012-05,1.2788909090909,A,F,,,P1M,,A,,,,,,,99Q1=100,,,4,,4F0,,US dollar/Euro,"ECB reference exchange rate, US dollar/Euro, 2.15 pm (C.E.T.)",USD,0
EXR.M.USD.EUR.SP00.A,M,USD,EUR,SP00,A,2012-06,1.2526285714286,A,F,,,P1M,,A,,,,,,,99Q1=100,,,4,,4F0,,US dollar/Euro,"ECB reference exchange rate, US dollar/Euro, 2.15 pm (C.E.T.)",USD,0
EXR.M.USD.EUR.SP00.A,M,USD,EUR,SP00,A,2012-07,1.2288454545455,A,F,,,P1M,,A,,,,,,,99Q1=100,,,4,,4F0,,US dollar/Euro,"ECB reference exchange rate, US dollar/Euro, 2.15 pm (C.E.T.)",USD,0
EXR.M.USD.EUR.SP00.A,M,USD,EUR,SP00,A,2012-08,1.2399956521739,A,F,,,P1M,,A,,,,,,,99Q1=100,,,4,,4F0,,US dollar/Euro,"ECB reference exchange rate, US dollar/Euro, 2.15 pm (C.E.T.)",USD,0
EXR.M.USD.EUR.SP00.A,M,USD,EUR,SP00,A,2012-09,1.28557,A,F,,,P1M,,A,,,,,,,99Q1=100,,,4,,4F0,,US dollar/Euro,"ECB reference exchange rate, US dollar/Euro, 2.15 pm (C.E.T.)",USD,0
EXR.M.USD.EUR.SP00.A,M,USD,EUR,SP00,A,2012-10,1.2974173913043,A,F,,,P1M,,A,,,,,,,99Q1=100,,,4,,4F0,,US dollar/Euro,"ECB reference exchange rate, US dollar/Euro, 2.15 pm (C.E.T.)",USD,0
EXR.M.USD.EUR.SP00.A,M,USD,EUR,SP00,A,2012-11,1.2827727272727,A,F,,,P1M,,A,,,,,,,99Q1=100,,,4,,4F0,,US dollar/Euro,"ECB reference exchange rate, US dollar/Euro, 2.15 pm (C.E.T.)",USD,0
EXR.M.USD.EUR.SP00.A,M,USD,EUR,SP00,A,2012-12,1.3119368421053,A,F,,,P1M,,A,,,,,,,99Q1=100,,,4,,4F0,,US dollar/Euro,"ECB reference exchange rate, US dollar/Euro, 2.15 pm (C.E.T.)",USD,0
EXR.M.USD.EUR.SP00.A,M,USD,EUR,SP00,A,2013-01,1.3288045454545,A,F,,,P1M,,A,,,,,,,99Q1=100,,,4,,4F0,,US dollar/Euro,"ECB reference exchange rate, US dollar/Euro, 2.15 pm (C.E.T.)",USD,0
EXR.M.USD.EUR.SP00.A,M,USD,EUR,SP00,A,2013-02,1.335905,A,F,,,P1M,,A,,,,,,,99Q1=100,,,4,,4F0,,US dollar/Euro,"ECB reference exchange rate, US dollar/Euro, 2.15 pm (C.E.T.)",USD,0
EXR.M.USD.EUR.SP00.A,M,USD,EUR,SP00,A,2013-03,1.29636,A,F,,,P1M,,A,,,,,,,99Q1=100,,,4,,4F0,,US dollar/Euro,"ECB reference exchange rate, US dollar/Euro, 2.15 pm (C.E.T.)",USD,0
EXR.M.USD.EUR.SP00.A,M,USD,EUR,SP00,A,2013-04,1.3026,A,F,,,P1M,,A,,,,,,,99Q1=100,,,4,,4F0,,US dollar/Euro,"ECB reference exchange rate, US dollar/Euro, 2.15 pm (C.E.T.)",USD,0
EXR.M.USD.EUR.SP00.A,M,USD,EUR,SP00,A,2013-05,1.2982045454545,A,F,,,P1M,,A,,,,,,,99Q1=100,,,4,,4F0,,US dollar/Euro,"ECB reference exchange rate, US dollar/Euro, 2.15 pm (C.E.T.)",USD,0
EXR.M.USD.EUR.SP00.A,M,USD,EUR,SP00,A,2013-06,1.318875,A,F,,,P1M,,A,,,,,,,99Q1=100,,,4,,4F0,,US dollar/Euro,"ECB reference exchange rate, US dollar/Euro, 2.15 pm (C.E.T.)",USD,0
EXR.M.USD.EUR.SP00.A,M,USD,EUR,SP00,A,2013-07,1.3080130434783,A,F,,,P1M,,A,,,,,,,99Q1=100,,,4,,4F0,,US dollar/Euro,"ECB reference exchange rate, US dollar/Euro, 2.15 pm (C.E.T.)",USD,0
EXR.M.USD.EUR.SP00.A,M,USD,EUR,SP00,A,2013-08,1.33095,A,F,,,P1M,,A,,,,,,,99Q1=100,,,4,,4F0,,US dollar/Euro,"ECB reference exchange rate, US dollar/Euro, 2.15 pm (C.E.T.)",USD,0
EXR.M.USD.EUR.SP00.A,M,USD,EUR,SP00,A,2013-09,1.3347904761905,A,F,,,P1M,,A,,,,,,,99Q1=100,,,4,,4F0,,US dollar/Euro,"ECB reference exchange rate, US dollar/Euro, 2.15 pm (C.E.T.)",USD,0
EXR.M.USD.EUR.SP00.A,M,USD,EUR,SP00,A,2013-10,1.3634956521739,A,F,,,P1M,,A,,,,,,,99Q1=100,,,4,,4F0,,US dollar/Euro,"ECB reference exchange rate, US dollar/Euro, 2.15 pm (C.E.T.)",USD,0
EXR.M.USD.EUR.SP00.A,M,USD,EUR,SP00,A,2013-11,1.3492904761905,A,F,,,P1M,,A,,,,,,,99Q1=100,,,4,,4F0,,US dollar/Euro,"ECB reference exchange rate, US dollar/Euro, 2.15 pm (C.E.T.)",USD,0
EXR.M.USD.EUR.SP00.A,M,USD,EUR,SP00,A,2013-12,1.37036,A,F,,,P1M,,A,,,,,,,99Q1=100,,,4,,4F0,,US dollar/Euro,"ECB reference exchange rate, US dollar/Euro, 2.15 pm (C.E.T.)",USD,0
EXR.M.USD.EUR.SP00.A,M,USD,EUR,SP00,A,2014-01,1.3610227272727,A,F,,,P1M,,A,,,,,,,99Q1=100,,,4,,4F0,,US dollar/Euro,"ECB reference exchange rate, US dollar/Euro, 2.15 pm (C.E.T.)",USD,0
EXR.M.USD.EUR.SP00.A,M,USD,EUR,SP00,A,2014-02,1.36585,A,F,,,P1M,,A,,,,,,,99Q1=100,,,4,,4F0,,US dollar/Euro,"ECB reference exchange rate, US dollar/Euro, 2.15 pm (C.E.T.)",USD,0
EXR.M.USD.EUR.SP00.A,M,USD,EUR,SP00,A,2014-03,1.3822523809524,A,F,,,P1M,,A,,,,,,,99Q1=100,,,4,,4F0,,US dollar/Euro,"ECB reference exchange rate, US dollar/Euro, 2.15 pm (C.E.T.)",USD,0
EXR.M.USD.EUR.SP00.A,M,USD,EUR,SP00,A,2014-04,1.38125,A,F,,,P1M,,A,,,,,,,99Q1=100,,,4,,4F0,,US dollar/Euro,"ECB reference exchange rate, US dollar/Euro, 2.15 pm (C.E.T.)",USD,0
EXR.M.USD.EUR.SP00.A,M,USD,EUR,SP00,A,2014-05,1.3732142857143,A,F,,,P1M,,A,,,,,,,99Q1=100,,,4,,4F0,,US dollar/Euro,"ECB reference exchange rate, US dollar/Euro, 2.15 pm (C.E.T.)",USD,0
EXR.M.USD.EUR.SP00.A,M,USD,EUR,SP00,A,2014-06,1.3592380952381,A,F,,,P1M,,A,,,,,,,99Q1=100,,,4,,4F0,,US dollar/Euro,"ECB reference exchange rate, US dollar/Euro, 2.15 pm (C.E.T.)",USD,0
EXR.M.USD.EUR.SP00.A,M,USD,EUR,SP00,A,2014-07,1.3539173913043,A,F,,,P1M,,A,,,,,,,99Q1=100,,,4,,4F0,,US dollar/Euro,"ECB reference exchange rate, US dollar/Euro, 2.15 pm (C.E.T.)",USD,0
EXR.M.USD.EUR.SP00.A,M,USD,EUR,SP00,A,2014-08,1.3316095238095,A,F,,,P1M,,A,,,,,,,99Q1=100,,,4,,4F0,,US dollar/Euro,"ECB reference exchange rate, US dollar/Euro, 2.15 pm (C.E.T.)",USD,0
EXR.M.USD.EUR.SP00.A,M,USD,EUR,SP00,A,2014-09,1.2901363636364,A,F,,,P1M,,A,,,,,,,99Q1=100,,,4,,4F0,,US dollar/Euro,"ECB reference exchange rate, US dollar/Euro, 2.15 pm (C.E.T.)",USD,0
EXR.M.USD.EUR.SP00.A,M,USD,EUR,SP00,A,2014-10,1.2672739130435,A,F,,,P1M,,A,,,,,,,99Q1=100,,,4,,4F0,,US dollar/Euro,"ECB reference exchange rate, US dollar/Euro, 2.15 pm (C.E.T.)",USD,0
EXR.M.USD.EUR.SP00.A,M,USD,EUR,SP00,A,2014-11,1.24722,A,F,,,P1M,,A,,,,,,,99Q1=100,,,4,,4F0,,US dollar/Euro,"ECB reference exchange rate, US dollar/Euro, 2.15 pm (C.E.T.)",USD,0
EXR.M.USD.EUR.SP00.A,M,USD,EUR,SP00,A,2014-12,1.2331333333333,A,F,,,P1M,,A,,,,,,,99Q1=100,,,4,,4F0,,US dollar/Euro,"ECB reference exchange rate, US dollar/Euro, 2.15 pm (C.E.T.)",USD,0
EXR.M.USD.EUR.SP00.A,M,USD,EUR,SP00,A,2015-01,1.1621333333333,A,F,,,P1M,,A,,,,,,,99Q1=100,,,4,,4F0,,US dollar/Euro,"ECB reference exchange rate, US dollar/Euro, 2.15 pm (C.E.T.)",USD,0
EXR.M.USD.EUR.SP00.A,M,USD,EUR,SP00,A,2015-02,1.134965,A,F,,,P1M,,A,,,,,,,99Q1=100,,,4,,4F0,,US dollar/Euro,"ECB reference exchange rate, US dollar/Euro, 2.15 pm (C.E.T.)",USD,0
EXR.M.USD.EUR.SP00.A,M,USD,EUR,SP00,A,2015-03,1.0837681818182,A,F,,,P1M,,A,,,,,,,99Q1=100,,,4,,4F0,,US dollar/Euro,"ECB reference exchange rate, US dollar/Euro, 2.15 pm (C.E.T.)",USD,0
EXR.M.USD.EUR.SP00.A,M,USD,EUR,SP00,A,2015-04,1.07793,A,F,,,P1M,,A,,,,,,,99Q1=100,,,4,,4F0,,US dollar/Euro,"ECB reference exchange rate, US dollar/Euro, 2.15 pm (C.E.T.)",USD,0
EXR.M.USD.EUR.SP00.A,M,USD,EUR,SP00,A,2015-05,1.114955,A,F,,,P1M,,A,,,,,,,99Q1=100,,,4,,4F0,,US dollar/Euro,"ECB reference exchange rate, US dollar/Euro, 2.15 pm (C.E.T.)",USD,0
EXR.M.USD.EUR.SP00.A,M,USD,EUR,SP00,A,2015-06,1.1213227272727,A,F,,,P1M,,A,,,,,,,99Q1=100,,,4,,4F0,,US dollar/Euro,"ECB reference exchange rate, US dollar/Euro, 2.15 pm (C.E.T.)",USD,0
EXR.M.USD.EUR.SP00.A,M,USD,EUR,SP00,A,2015-07,1.0995782608696,A,F,,,P1M,,A,,,,,,,99Q1=100,,,4,,4F0,,US dollar/Euro,"ECB reference exchange rate, US dollar/Euro, 2.15 pm (C.E.T.)",USD,0
EXR.M.USD.EUR.SP00.A,M,USD,EUR,SP00,A,2015-08,1.1139047619048,A,F,,,P1M,,A,,,,,,,99Q1=100,,,4,,4F0,,US dollar/Euro,"ECB reference exchange rate, US dollar/Euro, 2.15 pm (C.E.T.)",USD,0
EXR.M.USD.EUR.SP00.A,M,USD,EUR,SP00,A,2015-09,1.1221181818182,A,F,,,P1M,,A,,,,,,,99Q1=100,,,4,,4F0,,US dollar/Euro,"ECB reference exchange rate, US dollar/Euro, 2.15 pm (C.E.T.)",USD,0
EXR.M.USD.EUR.SP00.A,M,USD,EUR,SP00,A,2015-10,1.1235090909091,A,F,,,P1M,,A,,,,,,,99Q1=100,,,4,,4F0,,US dollar/Euro,"ECB reference exchange rate, US dollar/Euro, 2.15 pm (C.E.T.)",USD,0
EXR.M.USD.EUR.SP00.A,M,USD,EUR,SP00,A,2015-11,1.0736,A,F,,,P1M,,A,,,,,,,99Q1=100,,,4,,4F0,,US dollar/Euro,"ECB reference exchange rate, US dollar/Euro, 2.15 pm (C.E.T.)",USD,0
EXR.M.USD.EUR.SP00.A,M,USD,EUR,SP00,A,2015-12,1.0877181818182,A,F,,,P1M,,A,,,,,,,99Q1=100,,,4,,4F0,,US dollar/Euro,"ECB reference exchange rate, US dollar/Euro, 2.15 pm (C.E.T.)",USD,0
EXR.M.USD.EUR.SP00.A,M,USD,EUR,SP00,A,2016-01,1.085965,A,F,,,P1M,,A,,,,,,,99Q1=100,,,4,,4F0,,US dollar/Euro,"ECB reference exchange rate, US dollar/Euro, 2.15 pm (C.E.T.)",USD,0
EXR.M.USD.EUR.SP00.A,M,USD,EUR,SP00,A,2016-02,1.1092952380952,A,F,,,P1M,,A,,,,,,,99Q1=100,,,4,,4F0,,US dollar/Euro,"ECB reference exchange rate, US dollar/Euro, 2.15 pm (C.E.T.)",USD,0
EXR.M.USD.EUR.SP00.A,M,USD,EUR,SP00,A,2016-03,1.1099666666667,A,F,,,P1M,,A,,,,,,,99Q1=100,,,4,,4F0,,US dollar/Euro,"ECB reference exchange rate, US dollar/Euro, 2.15 pm (C.E.T.)",USD,0
EXR.M.USD.EUR.SP00.A,M,USD,EUR,SP00,A,2016-04,1.133919047619,A,F,,,P1M,,A,,,,,,,99Q1=100,,,4,,4F0,,US dollar/Euro,"ECB reference exchange rate, US dollar/Euro, 2.15 pm (C.E.T.)",USD,0
EXR.M.USD.EUR.SP00.A,M,USD,EUR,SP00,A,2016-05,1.1311090909091,A,F,,,P1M,,A,,,,,,,99Q1=100,,,4,,4F0,,US dollar/Euro,"ECB reference exchange rate, US dollar/Euro, 2.15 pm (C.E.T.)",USD,0
EXR.M.USD.EUR.SP00.A,M,USD,EUR,SP00,A,2016-06,1.1228909090909,A,F,,,P1M,,A,,,,,,,99Q1=100,,,4,,4F0,,US dollar/Euro,"ECB reference exchange rate, US dollar/Euro, 2.15 pm (C.E.T.)",USD,0
EXR.M.USD.EUR.SP00.A,M,USD,EUR,SP00,A,2016-07,1.1068523809524,A,F,,,P1M,,A,,,,,,,99Q1=100,,,4,,4F0,,US dollar/Euro,"ECB reference exchange rate, US dollar/Euro, 2.15 pm (C.E.T.)",USD,0
EXR.M.USD.EUR.SP00.A,M,USD,EUR,SP00,A,2016-08,1.1211739130435,A,F,,,P1M,,A,,,,,,,99Q1=100,,,4,,4F0,,US dollar/Euro,"ECB reference exchange rate, US dollar/Euro, 2.15 pm (C.E.T.)",USD,0
EXR.M.USD.EUR.SP00.A,M,USD,EUR,SP00,A,2016-09,1.1212090909091,A,F,,,P1M,,A,,,,,,,99Q1=100,,,4,,4F0,,US dollar/Euro,"ECB reference exchange rate, US dollar/Euro, 2.15 pm (C.E.T.)",USD,0
EXR.M.USD.EUR.SP00.A,M,USD,EUR,SP00,A,2016-10,1.1026047619048,A,F,,,P1M,,A,,,,,,,99Q1=100,,,4,,4F0,,US dollar/Euro,"ECB reference exchange rate, US dollar/Euro, 2.15 pm (C.E.T.)",USD,0
EXR.M.USD.EUR.SP00.A,M,USD,EUR,SP00,A,2016-11,1.0798954545455,A,F,,,P1M,,A,,,,,,,99Q1=100,,,4,,4F0,,US dollar/Euro,"ECB reference exchange rate, US dollar/Euro, 2.15 pm (C.E.T.)",USD,0
EXR.M.USD.EUR.SP00.A,M,USD,EUR,SP00,A,2016-12,1.0542904761905,A,F,,,P1M,,A,,,,,,,99Q1=100,,,4,,4F0,,US dollar/Euro,"ECB reference exchange rate, US dollar/Euro, 2.15 pm (C.E.T.)",USD,0
EXR.M.USD.EUR.SP00.A,M,USD,EUR,SP00,A,2017-01,1.0614409090909,A,F,,,P1M,,A,,,,,,,99Q1=100,,,4,,4F0,,US dollar/Euro,"ECB reference exchange rate, US dollar/Euro, 2.15 pm (C.E.T.)",USD,0
EXR.M.USD.EUR.SP00.A,M,USD,EUR,SP00,A,2017-02,1.064265,A,F,,,P1M,,A,,,,,,,99Q1=100,,,4,,4F0,,US dollar/Euro,"ECB reference exchange rate, US dollar/Euro, 2.15 pm (C.E.T.)",USD,0
EXR.M.USD.EUR.SP00.A,M,USD,EUR,SP00,A,2017-03,1.0684695652174,A,F,,,P1M,,A,,,,,,,99Q1=100,,,4,,4F0,,US dollar/Euro,"ECB reference exchange rate, US dollar/Euro, 2.15 pm (C.E.T.)",USD,0
EXR.M.USD.EUR.SP00.A,M,USD,EUR,SP00,A,2017-04,1.0722666666667,A,F,,,P1M,,A,,,,,,,99Q1=100,,,4,,4F0,,US dollar/Euro,"ECB reference exchange rate, US dollar/Euro, 2.15 pm (C.E.T.)",USD,0
EXR.M.USD.EUR.SP00.A,M,USD,EUR,SP00,A,2017-05,1.10575,A,F,,,P1M,,A,,,,,,,99Q1=100,,,4,,4F0,,US dollar/Euro,"ECB reference exchange rate, US dollar/Euro, 2.15 pm (C.E.T.)",USD,0
EXR.M.USD.EUR.SP00.A,M,USD,EUR,SP00,A,2017-06,1.1229454545455,A,F,,,P1M,,A,,,,,,,99Q1=100,,,4,,4F0,,US dollar/Euro,"ECB reference exchange rate, US dollar/Euro, 2.15 pm (C.E.T.)",USD,0
EXR.M.USD.EUR.SP00.A,M,USD,EUR,SP00,A,2017-07,1.1511142857143,A,F,,,P1M,,A,,,,,,,99Q1=100,,,4,,4F0,,US dollar/Euro,"ECB reference exchange rate, US dollar/Euro, 2.15 pm (C.E.T.)",USD,0
EXR.M.USD.EUR.SP00.A,M,USD,EUR,SP00,A,2017-08,1.1806739130435,A,F,,,P1M,,A,,,,,,,99Q1=100,,,4,,4F0,,US dollar/Euro,"ECB reference exchange rate, US dollar/Euro, 2.15 pm (C.E.T.)",USD,0
EXR.M.USD.EUR.SP00.A,M,USD,EUR,SP00,A,2017-09,1.1914571428571,A,F,,,P1M,,A,,,,,,,99Q1=100,,,4,,4F0,,US dollar/Euro,"ECB reference exchange rate, US dollar/Euro, 2.15 pm (C.E.T.)",USD,0
EXR.M.USD.EUR.SP00.A,M,USD,EUR,SP00,A,2017-10,1.1755863636364,A,F,,,P1M,,A,,,,,,,99Q1=100,,,4,,4F0,,US dollar/Euro,"ECB reference exchange rate, US dollar/Euro, 2.15 pm (C.E.T.)",USD,0
EXR.M.USD.EUR.SP00.A,M,USD,EUR,SP00,A,2017-11,1.1738,A,F,,,P1M,,A,,,,,,,99Q1=100,,,4,,4F0,,US dollar/Euro,"ECB reference exchange rate, US dollar/Euro, 2.15 pm (C.E.T.)",USD,0
EXR.M.USD.EUR.SP00.A,M,USD,EUR,SP00,A,2017-12,1.1836210526316,A,F,,,P1M,,A,,,,,,,99Q1=100,,,4,,4F0,,US dollar/Euro,"ECB reference exchange rate, US dollar/Euro, 2.15 pm (C.E.T.)",USD,0
EXR.M.USD.EUR.SP00.A,M,USD,EUR,SP00,A,2018-01,1.21995,A,F,,,P1M,,A,,,,,,,99Q1=100,,,4,,4F0,,US dollar/Euro,"ECB reference exchange rate, US dollar/Euro, 2.15 pm (C.E.T.)",USD,0
EXR.M.USD.EUR.SP00.A,M,USD,EUR,SP00,A,2018-02,1.23478,A,F,,,P1M,,A,,,,,,,99Q1=100,,,4,,4F0,,US dollar/Euro,"ECB reference exchange rate, US dollar/Euro, 2.15 pm (C.E.T.)",USD,0
EXR.M.USD.EUR.SP00.A,M,USD,EUR,SP00,A,2018-03,1.233619047619,A,F,,,P1M,,A,,,,,,,99Q1=100,,,4,,4F0,,US dollar/Euro,"ECB reference exchange rate, US dollar/Euro, 2.15 pm (C.E.T.)",USD,0
EXR.M.USD.EUR.SP00.A,M,USD,EUR,SP00,A,2018-04,1.22763,A,F,,,P1M,,A,,,,,,,99Q1=100,,,4,,4F0,,US dollar/Euro,"ECB reference exchange rate, US dollar/Euro, 2.15 pm (C.E.T.)",USD,0
EXR.M.USD.EUR.SP00.A,M,USD,EUR,SP00,A,2018-05,1.1812227272727,A,F,,,P1M,,A,,,,,,,99Q1=100,,,4,,4F0,,US dollar/Euro,"ECB reference exchange rate, US dollar/Euro, 2.15 pm (C.E.T.)",USD,0
EXR.M.USD.EUR.SP00.A,M,USD,EUR,SP00,A,2018-06,1.1678285714286,A,F,,,P1M,,A,,,,,,,99Q1=100,,,4,,4F0,,US dollar/Euro,"ECB reference exchange rate, US dollar/Euro, 2.15 pm (C.E.T.)",USD,0
EXR.M.USD.EUR.SP00.A,M,USD,EUR,SP00,A,2018-07,1.1685727272727,A,F,,,P1M,,A,,,,,,,99Q1=100,,,4,,4F0,,US dollar/Euro,"ECB reference exchange rate, US dollar/Euro, 2.15 pm (C.E.T.)",USD,0
EXR.M.USD.EUR.SP00.A,M,USD,EUR,SP00,A,2018-08,1.1548956521739,A,F,,,P1M,,A,,,,,,,99Q1=100,,,4,,4F0,,US dollar/Euro,"ECB reference exchange rate, US dollar/Euro, 2.15 pm (C.E.T.)",USD,0
EXR.M.USD.EUR.SP00.A,M,USD,EUR,SP00,A,2018-09,1.16587,A,F,,,P1M,,A,,,,,,,99Q1=100,,,4,,4F0,,US dollar/Euro,"ECB reference exchange rate, US dollar/Euro, 2.15 pm (C.E.T.)",USD,0
EXR.M.USD.EUR.SP00.A,M,USD,EUR,SP00,A,2018-10,1.1484043478261,A,F,,,P1M,,A,,,,,,,99Q1=100,,,4,,4F0,,US dollar/Euro,"ECB reference exchange rate, US dollar/Euro, 2.15 pm (C.E.T.)",USD,0
EXR.M.USD.EUR.SP00.A,M,USD,EUR,SP00,A,2018-11,1.1366863636364,A,F,,,P1M,,A,,,,,,,99Q1=100,,,4,,4F0,,US dollar/Euro,"ECB reference exchange rate, US dollar/Euro, 2.15 pm (C.E.T.)",USD,0
EXR.M.USD.EUR.SP00.A,M,USD,EUR,SP00,A,2018-12,1.1384210526316,A,F,,,P1M,,A,,,,,,,99Q1=100,,,4,,4F0,,US dollar/Euro,"ECB reference exchange rate, US dollar/Euro, 2.15 pm (C.E.T.)",USD,0
EXR.M.USD.EUR.SP00.A,M,USD,EUR,SP00,A,2019-01,1.1416409090909,A,F,,,P1M,,A,,,,,,,99Q1=100,,,4,,4F0,,US dollar/Euro,"ECB reference exchange rate, US dollar/Euro, 2.15 pm (C.E.T.)",USD,0
EXR.M.USD.EUR.SP00.A,M,USD,EUR,SP00,A,2019-02,1.135115,A,F,,,P1M,,A,,,,,,,99Q1=100,,,4,,4F0,,US dollar/Euro,"ECB reference exchange rate, US dollar/Euro, 2.15 pm (C.E.T.)",USD,0
EXR.M.USD.EUR.SP00.A,M,USD,EUR,SP00,A,2019-03,1.1302476190476,A,F,,,P1M,,A,,,,,,,99Q1=100,,,4,,4F0,,US dollar/Euro,"ECB reference exchange rate, US dollar/Euro, 2.15 pm (C.E.T.)",USD,0
EXR.M.USD.EUR.SP00.A,M,USD,EUR,SP00,A,2019-04,1.123825,A,F,,,P1M,,A,,,,,,,99Q1=100,,,4,,4F0,,US dollar/Euro,"ECB reference exchange rate, US dollar/Euro, 2.15 pm (C.E.T.)",USD,0
EXR.M.USD.EUR.SP00.A,M,USD,EUR,SP00,A,2019-05,1.1184590909091,A,F,,,P1M,,A,,,,,,,99Q1=100,,,4,,4F0,,US dollar/Euro,"ECB reference exchange rate, US dollar/Euro, 2.15 pm (C.E.T.)",USD,0
EXR.M.USD.EUR.SP00.A,M,USD,EUR,SP00,A,2019-06,1.12934,A,F,,,P1M,,A,,,,,,,99Q1=100,,,4,,4F0,,US dollar/Euro,"ECB reference exchange rate, US dollar/Euro, 2.15 pm (C.E.T.)",USD,0
EXR.M.USD.EUR.SP00.A,M,USD,EUR,SP00,A,2019-07,1.1218391304348,A,F,,,P1M,,A,,,,,,,99Q1=100,,,4,,4F0,,US dollar/Euro,"ECB reference exchange rate, US dollar/Euro, 2.15 pm (C.E.T.)",USD,0
EXR.M.USD.EUR.SP00.A,M,USD,EUR,SP00,A,2019-08,1.1126227272727,A,F,,,P1M,,A,,,,,,,99Q1=100,,,4,,4F0,,US dollar/Euro,"ECB reference exchange rate, US dollar/Euro, 2.15 pm (C.E.T.)",USD,0
EXR.M.USD.EUR.SP00.A,M,USD,EUR,SP00,A,2019-09,1.1003904761905,A,F,,,P1M,,A,,,,,,,99Q1=100,,,4,,4F0,,US dollar/Euro,"ECB reference exchange rate, US dollar/Euro, 2.15 pm (C.E.T.)",USD,0
EXR.M.USD.EUR.SP00.A,M,USD,EUR,SP00,A,2019-10,1.1052565217391,A,F,,,P1M,,A,,,,,,,99Q1=100,,,4,,4F0,,US dollar/Euro,"ECB reference exchange rate, US dollar/Euro, 2.15 pm (C.E.T.)",USD,0
EXR.M.USD.EUR.SP00.A,M,USD,EUR,SP00,A,2019-11,1.1050952380952,A,F,,,P1M,,A,,,,,,,99Q1=100,,,4,,4F0,,US dollar/Euro,"ECB reference exchange rate, US dollar/Euro, 2.15 pm (C.E.T.)",USD,0
EXR.M.USD.EUR.SP00.A,M,USD,EUR,SP00,A,2019-12,1.111345,A,F,,,P1M,,A,,,,,,,99Q1=100,,,4,,4F0,,US dollar/Euro,"ECB reference exchange rate, US dollar/Euro, 2.15 pm (C.E.T.)",USD,0
EXR.M.USD.EUR.SP00.A,M,USD,EUR,SP00,A,2020-01,1.1100363636364,A,F,,,P1M,,A,,,,,,,99Q1=100,,,4,,4F0,,US dollar/Euro,"ECB reference exchange rate, US dollar/Euro, 2.15 pm (C.E.T.)",USD,0
EXR.M.USD.EUR.SP00.A,M,USD,EUR,SP00,A,2020-02,1.0905,A,F,,,P1M,,A,,,,,,,99Q1=100,,,4,,4F0,,US dollar/Euro,"ECB reference exchange rate, US dollar/Euro, 2.15 pm (C.E.T.)",USD,0
EXR.M.USD.EUR.SP00.A,M,USD,EUR,SP00,A,2020-03,1.1063409090909,A,F,,,P1M,,A,,,,,,,99Q1=100,,,4,,4F0,,US dollar/Euro,"ECB reference exchange rate, US dollar/Euro, 2.15 pm (C.E.T.)",USD,0
EXR.M.USD.EUR.SP00.A,M,USD,EUR,SP00,A,2020-04,1.08619,A,F,,,P1M,,A,,,,,,,99Q1=100,,,4,,4F0,,US dollar/Euro,"ECB reference exchange rate, US dollar/Euro, 2.15 pm (C.E.T.)",USD,0
EXR.M.USD.EUR.SP00.A,M,USD,EUR,SP00,A,2020-05,1.090185,A,F,,,P1M,,A,,,,,,,99Q1=100,,,4,,4F0,,US dollar/Euro,"ECB reference exchange rate, US dollar/Euro, 2.15 pm (C.E.T.)",USD,0
EXR.M.USD.EUR.SP00.A,M,USD,EUR,SP00,A,2020-06,1.1254590909091,A,F,,,P1M,,A,,,,,,,99Q1=100,,,4,,4F0,,US dollar/Euro,"ECB reference exchange rate, US dollar/Euro, 2.15 pm (C.E.T.)",USD,0
EXR.M.USD.EUR.SP00.A,M,USD,EUR,SP00,A,2020-07,1.1463391304348,A,F,,,P1M,,A,,,,,,,99Q1=100,,,4,,4F0,,US dollar/Euro,"ECB reference exchange rate, US dollar/Euro, 2.15 pm (C.E.T.)",USD,0
EXR.M.USD.EUR.SP00.A,M,USD,EUR,SP00,A,2020-08,1.1828095238095,A,F,,,P1M,,A,,,,,,,99Q1=100,,,4,,4F0,,US dollar/Euro,"ECB reference exchange rate, US dollar/Euro, 2.15 pm (C.E.T.)",USD,0
EXR.M.USD.EUR.SP00.A,M,USD,EUR,SP00,A,2020-09,1.1792409090909,A,F,,,P1M,,A,,,,,,,99Q1=100,,,4,,4F0,,US dollar/Euro,"ECB reference exchange rate, US dollar/Euro, 2.15 pm (C.E.T.)",USD,0
EXR.M.USD.EUR.SP00.A,M,USD,EUR,SP00,A,2020-10,1.1775181818182,A,F,,,P1M,,A,,,,,,,99Q1=100,,,4,,4F0,,US dollar/Euro,"ECB reference exchange rate, US dollar/Euro, 2.15 pm (C.E.T.)",USD,0
EXR.M.USD.EUR.SP00.A,M,USD,EUR,SP00,A,2020-11,1.1837904761905,A,F,,,P1M,,A,,,,,,,99Q1=100,,,4,,4F0,,US dollar/Euro,"ECB reference exchange rate, US dollar/Euro, 2.15 pm (C.E.T.)",USD,0
EXR.M.USD.EUR.SP00.A,M,USD,EUR,SP00,A,2020-12,1.2169727272727,A,F,,,P1M,,A,,,,,,,99Q1=100,,,4,,4F0,,US dollar/Euro,"ECB reference exchange rate, US dollar/Euro, 2.15 pm (C.E.T.)",USD,0
EXR.M.USD.EUR.SP00.A,M,USD,EUR,SP00,A,2021-01,1.217085,A,F,,,P1M,,A,,,,,,,99Q1=100,,,4,,4F0,,US dollar/Euro,"ECB reference exchange rate, US dollar/Euro, 2.15 pm (C.E.T.)",USD,0
EXR.M.USD.EUR.SP00.A,M,USD,EUR,SP00,A,2021-02,1.20979,A,F,,,P1M,,A,,,,,,,99Q1=100,,,4,,4F0,,US dollar/Euro,"ECB reference exchange rate, US dollar/Euro, 2.15 pm (C.E.T.)",USD,0
EXR.M.USD.EUR.SP00.A,M,USD,EUR,SP00,A,2021-03,1.1899086956522,A,F,,,P1M,,A,,,,,,,99Q1=100,,,4,,4F0,,US dollar/Euro,"ECB reference exchange rate, US dollar/Euro, 2.15 pm (C.E.T.)",USD,0
EXR.M.USD.EUR.SP00.A,M,USD,EUR,SP00,A,2021-04,1.19791,A,F,,,P1M,,A,,,,,,,99Q1=100,,,4,,4F0,,US dollar/Euro,"ECB reference exchange rate, US dollar/Euro, 2.15 pm (C.E.T.)",USD,0
EXR.M.USD.EUR.SP00.A,M,USD,EUR,SP00,A,2021-05,1.2145904761905,A,F,,,P1M,,A,,,,,,,99Q1=100,,,4,,4F0,,US dollar/Euro,"ECB reference exchange rate, US dollar/Euro, 2.15 pm (C.E.T.)",USD,0
EXR.M.USD.EUR.SP00.A,M,USD,EUR,SP00,A,2021-06,1.2047090909091,A,F,,,P1M,,A,,,,,,,99Q1=100,,,4,,4F0,,US dollar/Euro,"ECB reference exchange rate, US dollar/Euro, 2.15 pm (C.E.T.)",USD,0
EXR.M.USD.EUR.SP00.A,M,USD,EUR,SP00,A,2021-07,1.1821818181818,A,F,,,P1M,,A,,,,,,,99Q1=100,,,4,,4F0,,US dollar/Euro,"ECB reference exchange rate, US dollar/Euro, 2.15 pm (C.E.T.)",USD,0
EXR.M.USD.EUR.SP00.A,M,USD,EUR,SP00,A,2021-08,1.1771818181818,A,F,,,P1M,,A,,,,,,,99Q1=100,,,4,,4F0,,US dollar/Euro,"ECB reference exchange rate, US dollar/Euro, 2.15 pm (C.E.T.)",USD,0
EXR.M.USD.EUR.SP00.A,M,USD,EUR,SP00,A,2021-09,1.1770318181818,A,F,,,P1M,,A,,,,,,,99Q1=100,,,4,,4F0,,US dollar/Euro,"ECB reference exchange rate, US dollar/Euro, 2.15 pm (C.E.T.)",USD,0
EXR.M.USD.EUR.SP00.A,M,USD,EUR,SP00,A,2021-10,1.1601476190476,A,F,,,P1M,,A,,,,,,,99Q1=100,,,4,,4F0,,US dollar/Euro,"ECB reference exchange rate, US dollar/Euro, 2.15 pm (C.E.T.)",USD,0
EXR.M.USD.EUR.SP00.A,M,USD,EUR,SP00,A,2021-11,1.1414045454545,A,F,,,P1M,,A,,,,,,,99Q1=100,,,4,,4F0,,US dollar/Euro,"ECB reference exchange rate, US dollar/Euro, 2.15 pm (C.E.T.)",USD,0
EXR.M.USD.EUR.SP00.A,M,USD,EUR,SP00,A,2021-12,1.1303782608696,A,F,,,P1M,,A,,,,,,,99Q1=100,,,4,,4F0,,US dollar/Euro,"ECB reference exchange rate, US dollar/Euro, 2.15 pm (C.E.T.)",USD,0
EXR.M.USD.EUR.SP00.A,M,USD,EUR,SP00,A,2022-01,1.1314476190476,A,F,,,P1M,,A,,,,,,,99Q1=100,,,4,,4F0,,US dollar/Euro,"ECB reference exchange rate, US dollar/Euro, 2.15 pm (C.E.T.)",USD,0
EXR.M.USD.EUR.SP00.A,M,USD,EUR,SP00,A,2022-02,1.13419,A,F,,,P1M,,A,,,,,,,99Q1=100,,,4,,4F0,,US dollar/Euro,"ECB reference exchange rate, US dollar/Euro, 2.15 pm (C.E.T.)",USD,0
EXR.M.USD.EUR.SP00.A,M,USD,EUR,SP00,A,2022-03,1.1018956521739,A,F,,,P1M,,A,,,,,,,99Q1=100,,,4,,4F0,,US dollar/Euro,"ECB reference exchange rate, US dollar/Euro, 2.15 pm (C.E.T.)",USD,0
EXR.M.USD.EUR.SP00.A,M,USD,EUR,SP00,A,2022-04,1.0818736842105,A,F,,,P1M,,A,,,,,,,99Q1=100,,,4,,4F0,,US dollar/Euro,"ECB reference exchange rate, US dollar/Euro, 2.15 pm (C.E.T.)",USD,0
EXR.M.USD.EUR.SP00.A,M,USD,EUR,SP00,A,2022-05,1.05785,A,F,,,P1M,,A,,,,,,,99Q1=100,,,4,,4F0,,US dollar/Euro,"ECB reference exchange rate, US dollar/Euro, 2.15 pm (C.E.T.)",USD,0
EXR.M.USD.EUR.SP00.A,M,USD,EUR,SP00,A,2022-06,1.0565818181818,A,F,,,P1M,,A,,,,,,,99Q1=100,,,4,,4F0,,US dollar/Euro,"ECB reference exchange rate, US dollar/Euro, 2.15 pm (C.E.T.)",USD,0
EXR.M.USD.EUR.SP00.A,M,USD,EUR,SP00,A,2022-07,1.0178904761905,A,F,,,P1M,,A,,,,,,,99Q1=100,,,4,,4F0,,US dollar/Euro,"ECB reference exchange rate, US dollar/Euro, 2.15 pm (C.E.T.)",USD,0
EXR.M.USD.EUR.SP00.A,M,USD,EUR,SP00,A,2022-08,1.0128434782609,A,F,,,P1M,,A,,,,,,,99Q1=100,,,4,,4F0,,US dollar/Euro,"ECB reference exchange rate, US dollar/Euro, 2.15 pm (C.E.T.)",USD,0
EXR.M.USD.EUR.SP00.A,M,USD,EUR,SP00,A,2022-09,0.9903772727273,A,F,,,P1M,,A,,,,,,,99Q1=100,,,4,,4F0,,US dollar/Euro,"ECB reference exchange rate, US dollar/Euro, 2.15 pm (C.E.T.)",USD,0
EXR.M.USD.EUR.SP00.A,M,USD,EUR,SP00,A,2022-10,0.9825666666667,A,F,,,P1M,,A,,,,,,,99Q1=100,,,4,,4F0,,US dollar/Euro,"ECB reference exchange rate, US dollar/Euro, 2.15 pm (C.E.T.)",USD,0
EXR.M.USD.EUR.SP00.A,M,USD,EUR,SP00,A,2022-11,1.0201272727273,A,F,,,P1M,,A,,,,,,,99Q1=100,,,4,,4F0,,US dollar/Euro,"ECB reference exchange rate, US dollar/Euro, 2.15 pm (C.E.T.)",USD,0
EXR.M.USD.EUR.SP00.A,M,USD,EUR,SP00,A,2022-12,1.058880952381,A,F,,,P1M,,A,,,,,,,99Q1=100,,,4,,4F0,,US dollar/Euro,"ECB reference exchange rate, US dollar/Euro, 2.15 pm (C.E.T.)",USD,0
EXR.M.USD.EUR.SP00.A,M,USD,EUR,SP00,A,2023-01,1.0769,A,F,,,P1M,,A,,,,,,,99Q1=100,,,4,,4F0,,US dollar/Euro,"ECB reference exchange rate, US dollar/Euro, 2.15 pm (C.E.T.)",USD,0
EXR.M.USD.EUR.SP00.A,M,USD,EUR,SP00,A,2023-02,1.07151,A,F,,,P1M,,A,,,,,,,99Q1=100,,,4,,4F0,,US dollar/Euro,"ECB reference exchange rate, US dollar/Euro, 2.15 pm (C.E.T.)",USD,0
EXR.M.USD.EUR.SP00.A,M,USD,EUR,SP00,A,2023-03,1.0705826086957,A,F,,,P1M,,A,,,,,,,99Q1=100,,,4,,4F0,,US dollar/Euro,"ECB reference exchange rate, US dollar/Euro, 2.15 pm (C.E.T.)",USD,0
EXR.M.USD.EUR.SP00.A,M,USD,EUR,SP00,A,2023-04,1.0967722222222,A,F,,,P1M,,A,,,,,,,99Q1=100,,,4,,4F0,,US dollar/Euro,"ECB reference exchange rate, US dollar/Euro, 2.15 pm (C.E.T.)",USD,0
EXR.M.USD.EUR.SP00.A,M,USD,EUR,SP00,A,2023-05,1.08675,A,F,,,P1M,,A,,,,,,,99Q1=100,,,4,,4F0,,US dollar/Euro,"ECB reference exchange rate, US dollar/Euro, 2.15 pm (C.E.T.)",USD,0
EXR.M.USD.EUR.SP00.A,M,USD,EUR,SP00,A,2023-06,1.0839863636364,A,F,,,P1M,,A,,,,,,,99Q1=100,,,4,,4F0,,US dollar/Euro,"ECB reference exchange rate, US dollar/Euro, 2.15 pm (C.E.T.)",USD,0
EXR.M.USD.EUR.SP00.A,M,USD,EUR,SP00,A,2023-07,1.1058142857143,A,F,,,P1M,,A,,,,,,,99Q1=100,,,4,,4F0,,US dollar/Euro,"ECB reference exchange rate, US dollar/Euro, 2.15 pm (C.E.T.)",USD,0
EXR.M.USD.EUR.SP00.A,M,USD,EUR,SP00,A,2023-08,1.0908869565217,A,F,,,P1M,,A,,,,,,,99Q1=100,,,4,,4F0,,US dollar/Euro,"ECB reference exchange rate, US dollar/Euro, 2.15 pm (C.E.T.)",USD,0
EXR.M.USD.EUR.SP00.A,M,USD,EUR,SP00,A,2023-09,1.068380952381,A,F,,,P1M,,A,,,,,,,99Q1=100,,,4,,4F0,,US dollar/Euro,"ECB reference exchange rate, US dollar/Euro, 2.15 pm (C.E.T.)",USD,0
EXR.M.USD.EUR.SP00.A,M,USD,EUR,SP00,A,2023-10,1.0562545454545,A,F,,,P1M,,A,,,,,,,99Q1=100,,,4,,4F0,,US dollar/Euro,"ECB reference exchange rate, US dollar/Euro, 2.15 pm (C.E.T.)",USD,0
EXR.M.USD.EUR.SP00.A,M,USD,EUR,SP00,A,2023-11,1.0808227272727,A,F,,,P1M,,A,,,,,,,99Q1=100,,,4,,4F0,,US dollar/Euro,"ECB reference exchange rate, US dollar/Euro, 2.15 pm (C.E.T.)",USD,0
EXR.M.USD.EUR.SP00.A,M,USD,EUR,SP00,A,2023-12,1.0903052631579,A,F,,,P1M,,A,,,,,,,99Q1=100,,,4,,4F0,,US dollar/Euro,"ECB reference exchange rate, US dollar/Euro, 2.15 pm (C.E.T.)",USD,0
EXR.M.USD.EUR.SP00.A,M,USD,EUR,SP00,A,2024-01,1.0905136363636,A,F,,,P1M,,A,,,,,,,99Q1=100,,,4,,4F0,,US dollar/Euro,"ECB reference exchange rate, US dollar/Euro, 2.15 pm (C.E.T.)",USD,0
EXR.M.USD.EUR.SP00.A,M,USD,EUR,SP00,A,2024-02,1.0794714285714,A,F,,,P1M,,A,,,,,,,99Q1=100,,,4,,4F0,,US dollar/Euro,"ECB reference exchange rate, US dollar/Euro, 2.15 pm (C.E.T.)",USD,0
EXR.M.USD.EUR.SP00.A,M,USD,EUR,SP00,A,2024-03,1.08722,A,F,,,P1M,,A,,,,,,,99Q1=100,,,4,,4F0,,US dollar/Euro,"ECB reference exchange rate, US dollar/Euro, 2.15 pm (C.E.T.)",USD,0
EXR.M.USD.EUR.SP00.A,M,USD,EUR,SP00,A,2024-04,1.0727761904762,A,F,,,P1M,,A,,,,,,,99Q1=100,,,4,,4F0,,US dollar/Euro,"ECB reference exchange rate, US dollar/Euro, 2.15 pm (C.E.T.)",USD,0
EXR.M.USD.EUR.SP00.A,M,USD,EUR,SP00,A,2024-05,1.0812227272727,A,F,,,P1M,,A,,,,,,,99Q1=100,,,4,,4F0,,US dollar/Euro,"ECB reference exchange rate, US dollar/Euro, 2.15 pm (C.E.T.)",USD,0
EXR.M.USD.EUR.SP00.A,M,USD,EUR,SP00,A,2024-06,1.0759,A,F,,,P1M,,A,,,,,,,99Q1=100,,,4,,4F0,,US dollar/Euro,"ECB reference exchange rate, US dollar/Euro, 2.15 pm (C.E.T.)",USD,0
EXR.M.USD.EUR.SP00.A,M,USD,EUR,SP00,A,2024-07,1.0844086956522,A,F,,,P1M,,A,,,,,,,99Q1=100,,,4,,4F0,,US dollar/Euro,"ECB reference exchange rate, US dollar/Euro, 2.15 pm (C.E.T.)",USD,0
EXR.M.USD.EUR.SP00.A,M,USD,EUR,SP00,A,2024-08,1.1012181818182,A,F,,,P1M,,A,,,,,,,99Q1=100,,,4,,4F0,,US dollar/Euro,"ECB reference exchange rate, US dollar/Euro, 2.15 pm (C.E.T.)",USD,0
EXR.M.USD.EUR.SP00.A,M,USD,EUR,SP00,A,2024-09,1.1106,A,F,,,P1M,,A,,,,,,,99Q1=100,,,4,,4F0,,US dollar/Euro,"ECB reference exchange rate, US dollar/Euro, 2.15 pm (C.E.T.)",USD,0
EXR.M.USD.EUR.SP00.A,M,USD,EUR,SP00,A,2024-10,1.0904347826087,A,F,,,P1M,,A,,,,,,,99Q1=100,,,4,,4F0,,US dollar/Euro,"ECB reference exchange rate, US dollar/Euro, 2.15 pm (C.E.T.)",USD,0
EXR.M.USD.EUR.SP00.A,M,USD,EUR,SP00,A,2024-11,1.0630142857143,A,F,,,P1M,,A,,,,,,,99Q1=100,,,4,,4F0,,US dollar/Euro,"ECB reference exchange rate, US dollar/Euro, 2.15 pm (C.E.T.)",USD,0
EXR.M.USD.EUR.SP00.A,M,USD,EUR,SP00,A,2024-12,1.047875,A,F,,,P1M,,A,,,,,,,99Q1=100,,,4,,4F0,,US dollar/Euro,"ECB reference exchange rate, US dollar/Euro, 2.15 pm (C.E.T.)",USD,0
EXR.M.USD.EUR.SP00.A,M,USD,EUR,SP00,A,2025-01,1.0353727272727,A,F,,,P1M,,A,,,,,,,99Q1=100,,,4,,4F0,,US dollar/Euro,"ECB reference exchange rate, US dollar/Euro, 2.15 pm (C.E.T.)",USD,0
EXR.M.USD.EUR.SP00.A,M,USD,EUR,SP00,A,2025-02,1.04125,A,F,,,P1M,,A,,,,,,,99Q1=100,,,4,,4F0,,US dollar/Euro,"ECB reference exchange rate, US dollar/Euro, 2.15 pm (C.E.T.)",USD,0
EXR.M.USD.EUR.SP00.A,M,USD,EUR,SP00,A,2025-03,1.080680952381,A,F,,,P1M,,A,,,,,,,99Q1=100,,,4,,4F0,,US dollar/Euro,"ECB reference exchange rate, US dollar/Euro, 2.15 pm (C.E.T.)",USD,0
EXR.M.USD.EUR.SP00.A,M,USD,EUR,SP00,A,2025-04,1.121395,A,F,,,P1M,,A,,,,,,,99Q1=100,,,4,,4F0,,US dollar/Euro,"ECB reference exchange rate, US dollar/Euro, 2.15 pm (C.E.T.)",USD,0
EXR.M.USD.EUR.SP00.A,M,USD,EUR,SP00,A,2025-05,1.1278047619048,A,F,,,P1M,,A,,,,,,,99Q1=100,,,4,,4F0,,US dollar/Euro,"ECB reference exchange rate, US dollar/Euro, 2.15 pm (C.E.T.)",USD,0
EXR.M.USD.EUR.SP00.A,M,USD,EUR,SP00,A,2025-06,1.151619047619,A,F,,,P1M,,A,,,,,,,99Q1=100,,,4,,4F0,,US dollar/Euro,"ECB reference exchange rate, US dollar/Euro, 2.15 pm (C.E.T.)",USD,0
EXR.M.USD.EUR.SP00.A,M,USD,EUR,SP00,A,2025-07,1.1676869565217392,A,F,,,P1M,,A,,,,,,,99Q1=100,,,4,,4F0,,US dollar/Euro,"ECB reference exchange rate, US dollar/Euro, 2.15 pm (C.E.T.)",USD,0
EXR.M.USD.EUR.SP00.A,M,USD,EUR,SP00,A,2025-08,1.1631428571428575,A,F,,,P1M,,A,,,,,,,99Q1=100,,,4,,4F0,,US dollar/Euro,"ECB reference exchange rate, US dollar/Euro, 2.15 pm (C.E.T.)",USD,0
EXR.M.USD.EUR.SP00.A,M,USD,EUR,SP00,A,2025-09,1.1732227272727274,A,F,,,P1M,,A,,,,,,,99Q1=100,,,4,,4F0,,US dollar/Euro,"ECB reference exchange rate, US dollar/Euro, 2.15 pm (C.E.T.)",USD,0
EXR.M.USD.EUR.SP00.A,M,USD,EUR,SP00,A,2025-10,1.1630434782608696,A,F,,,P1M,,A,,,,,,,99Q1=100,,,4,,4F0,,US dollar/Euro,"ECB reference exchange rate, US dollar/Euro, 2.15 pm (C.E.T.)",USD,0
EXR.M.USD.EUR.SP00.A,M,USD,EUR,SP00,A,2025-11,1.15602,A,F,,,P1M,,A,,,,,,,99Q1=100,,,4,,4F0,,US dollar/Euro,"ECB reference exchange rate, US dollar/Euro, 2.15 pm (C.E.T.)",USD,0
